연도,시도,시군구,계약종별,1월,2월,3월,4월
2023,서울특별시,종로구,주택용,25002325,23457859,19732099,19571066
2023,서울특별시,종로구,일반용,120952865,111104889,93861507,87142619
2023,서울특별시,종로구,교육용,11323914,10147266,7825515,7091675
2023,서울특별시,종로구,산업용,7072244,6736726,6165032,6111178
2023,서울특별시,종로구,농사용,631,998,596,746
2023,서울특별시,종로구,가로등,715608,655573,597562,576455
2023,서울특별시,종로구,심 야,2509852,2367535,1752210,1693870
2023,서울특별시,종로구,합 계,167577439,154470846,129934521,122187609
2023,서울특별시,중구,주택용,20006959,18795900,16028385,15997744
2023,서울특별시,중구,일반용,170051169,152895706,132758654,123395065
2023,서울특별시,중구,교육용,5930833,4974469,3970307,3190261
2023,서울특별시,중구,산업용,21515567,19904543,17527763,16840019
2023,서울특별시,중구,가로등,918310,895529,807841,785230
2023,서울특별시,중구,심 야,813746,748906,748552,1383237
2023,서울특별시,중구,합 계,219236584,198215053,171841502,161591556
2023,서울특별시,용산구,주택용,38889390,37074402,31100274,31300153
2023,서울특별시,용산구,일반용,90254490,83255233,69387819,66955645
2023,서울특별시,용산구,교육용,6222802,5340551,4311442,3752535
2023,서울특별시,용산구,산업용,9629354,8047302,7919663,7898539
2023,서울특별시,용산구,가로등,1071715,986237,897609,856951
2023,서울특별시,용산구,심 야,689613,682112,627740,650692
2023,서울특별시,용산구,합 계,146757364,135385837,114244547,111414515
2023,서울특별시,성동구,주택용,41107041,39877337,33420186,34088230
2023,서울특별시,성동구,일반용,81138704,73734394,60041378,55312943
2023,서울특별시,성동구,교육용,9064249,7414756,6654155,5722990
2023,서울특별시,성동구,산업용,78812476,74773680,68557895,68679266
2023,서울특별시,성동구,농사용,8799,11481,9582,7620
2023,서울특별시,성동구,가로등,944203,897842,817496,773113
2023,서울특별시,성동구,심 야,398286,363773,257646,152029
2023,서울특별시,성동구,합 계,211473758,197073263,169758338,164736191
2023,서울특별시,동대문구,주택용,49164836,47349472,40400163,41216521
2023,서울특별시,동대문구,일반용,65688598,60675295,48253065,44674204
2023,서울특별시,동대문구,교육용,10900261,9286536,7753060,6570873
2023,서울특별시,동대문구,산업용,15935883,14762482,12536984,12350436
2023,서울특별시,동대문구,농사용,13941,13924,9442,11765
2023,서울특별시,동대문구,가로등,881993,800475,749728,683887
2023,서울특별시,동대문구,심 야,649371,558939,385110,268385
2023,서울특별시,동대문구,합 계,143234883,133447123,110087552,105776071
2023,서울특별시,성북구,주택용,57609806,55863632,47196889,48594619
2023,서울특별시,성북구,일반용,55863178,51823827,41176932,38517919
2023,서울특별시,성북구,교육용,19488482,17291215,14067469,12538384
2023,서울특별시,성북구,산업용,9234590,8746787,7852043,7698901
2023,서울특별시,성북구,농사용,2622,2880,2551,3388
2023,서울특별시,성북구,가로등,1192081,1081818,991803,948475
2023,서울특별시,성북구,심 야,1909083,1799756,1289728,890033
2023,서울특별시,성북구,합 계,145299842,136609915,112577415,109191719
2023,서울특별시,도봉구,주택용,39705656,38323825,32480592,33372457
2023,서울특별시,도봉구,일반용,36820392,33764422,26655304,24690020
2023,서울특별시,도봉구,교육용,5017677,4019806,3035133,2493962
2023,서울특별시,도봉구,산업용,4977877,4700405,4214644,4331813
2023,서울특별시,도봉구,농사용,29562,31627,22675,26231
2023,서울특별시,도봉구,가로등,609742,561186,520504,508020
2023,서울특별시,도봉구,심 야,470686,454680,314331,201283
2023,서울특별시,도봉구,합 계,87631592,81855951,67243183,65623786
2023,서울특별시,은평구,주택용,61344311,59164654,50800173,51735596
2023,서울특별시,은평구,일반용,56730195,52917375,41737778,39142994
2023,서울특별시,은평구,교육용,5520168,4751652,3550303,2927899
2023,서울특별시,은평구,산업용,16770948,16631974,14659243,14834435
2023,서울특별시,은평구,농사용,23822,23533,20495,19829
2023,서울특별시,은평구,가로등,716940,648103,603048,560300
2023,서울특별시,은평구,심 야,1135600,1041528,728412,487892
2023,서울특별시,은평구,합 계,142241984,135178819,112099452,109708945
2023,서울특별시,서대문구,주택용,42694797,40287659,35237084,35604023
2023,서울특별시,서대문구,일반용,56876944,52350380,43918110,41464595
2023,서울특별시,서대문구,교육용,19640995,16453789,15172554,13049932
2023,서울특별시,서대문구,산업용,2921259,2783526,2598768,2628270
2023,서울특별시,서대문구,농사용,2387,2393,1967,1451
2023,서울특별시,서대문구,가로등,732207,671930,612317,572035
2023,서울특별시,서대문구,심 야,571813,533298,430910,365624
2023,서울특별시,서대문구,합 계,123440402,113082975,97971710,93685930
2023,서울특별시,마포구,주택용,55619744,53026234,45213135,45759802
2023,서울특별시,마포구,일반용,135175630,123870574,104755887,97455179
2023,서울특별시,마포구,교육용,7077586,5710708,4945692,4128729
2023,서울특별시,마포구,산업용,11401407,10810095,11277225,11545835
2023,서울특별시,마포구,농사용,9927,9573,9672,11607
2023,서울특별시,마포구,가로등,1195418,1104599,991367,965511
2023,서울특별시,마포구,심 야,1502983,1182081,893935,1044363
2023,서울특별시,마포구,합 계,211982695,195713864,168086913,160911026
2023,서울특별시,강서구,주택용,74429465,72148207,62107457,63705950
2023,서울특별시,강서구,일반용,150343735,137068494,116815162,107206423
2023,서울특별시,강서구,교육용,7210053,5825384,4477846,3853956
2023,서울특별시,강서구,산업용,30139787,28208840,28322426,27481736
2023,서울특별시,강서구,농사용,454843,441334,589654,450051
2023,서울특별시,강서구,가로등,1254891,1174435,1042506,1013156
2023,서울특별시,강서구,심 야,1262355,826243,527236,1180086
2023,서울특별시,강서구,합 계,265095129,245692937,213882287,204891358
2023,서울특별시,구로구,주택용,55829008,53637489,46178684,46936329
2023,서울특별시,구로구,일반용,89413166,80266398,67338381,62720388
2023,서울특별시,구로구,교육용,5053344,4108604,3282878,2615469
2023,서울특별시,구로구,산업용,33320926,31525826,25452390,25263432
2023,서울특별시,구로구,농사용,64856,60780,46642,49523
2023,서울특별시,구로구,가로등,955162,904725,844822,799975
2023,서울특별시,구로구,심 야,542997,547977,416168,294976
2023,서울특별시,구로구,합 계,185179459,171051799,143559965,138680092
2023,서울특별시,영등포구,주택용,58381407,55299629,48007055,48161982
2023,서울특별시,영등포구,일반용,171734785,154888795,135757270,126032298
2023,서울특별시,영등포구,교육용,4071099,3159881,2389727,1978444
2023,서울특별시,영등포구,산업용,19886668,18385271,17798658,17166863
2023,서울특별시,영등포구,농사용,3458,3479,2248,1653
2023,서울특별시,영등포구,가로등,1310546,1239896,1146137,1123302
2023,서울특별시,영등포구,심 야,1754825,1710008,2160192,3004627
2023,서울특별시,영등포구,합 계,257142788,234686959,207261287,197469169
2023,서울특별시,동작구,주택용,49133418,47910526,40526314,41992803
2023,서울특별시,동작구,일반용,55535250,51742104,42289679,40308883
2023,서울특별시,동작구,교육용,10273705,8625695,6981033,5580365
2023,서울특별시,동작구,산업용,4565981,4280415,4218155,4342192
2023,서울특별시,동작구,농사용,27889,27840,24791,27856
2023,서울특별시,동작구,가로등,699099,643802,588133,564214
2023,서울특별시,동작구,심 야,725590,681431,442835,284855
2023,서울특별시,동작구,합 계,120960932,113911813,95070940,93101168
2023,서울특별시,관악구,주택용,60279203,58663772,49315165,51144488
2023,서울특별시,관악구,일반용,74299173,69980082,57576190,55826394
2023,서울특별시,관악구,교육용,25050960,23310503,18473676,16437853
2023,서울특별시,관악구,산업용,3583656,3391630,2932754,2920671
2023,서울특별시,관악구,농사용,14831,10727,8531,7382
2023,서울특별시,관악구,가로등,1047354,1003176,883525,900697
2023,서울특별시,관악구,심 야,780828,760269,573570,438491
2023,서울특별시,관악구,합 계,165056005,157120159,129763411,127675976
2023,서울특별시,강남구,주택용,85306751,79633899,71560236,71310160
2023,서울특별시,강남구,일반용,352710371,323440779,261408490,235931163
2023,서울특별시,강남구,교육용,6876004,5854317,4507788,3734234
2023,서울특별시,강남구,산업용,29823869,26962107,23186380,21163816
2023,서울특별시,강남구,농사용,149154,138448,106845,93004
2023,서울특별시,강남구,가로등,1771798,1635140,1457486,1419899
2023,서울특별시,강남구,심 야,1426854,1501178,1306834,1657192
2023,서울특별시,강남구,합 계,478064801,439165868,363534059,335309468
2023,서울특별시,강동구,주택용,59327220,57270873,48614298,49976523
2023,서울특별시,강동구,일반용,79687643,73026212,59011506,54373014
2023,서울특별시,강동구,교육용,5003044,4122803,3078744,2526468
2023,서울특별시,강동구,산업용,13985560,12515736,13122280,13048547
2023,서울특별시,강동구,농사용,259841,240121,146425,117768
2023,서울특별시,강동구,가로등,916204,839524,741517,712822
2023,서울특별시,강동구,심 야,376914,353378,251706,196281
2023,서울특별시,강동구,합 계,159556426,148368647,124966476,120951423
2023,서울특별시,송파구,주택용,87546499,84826795,72143613,74623542
2023,서울특별시,송파구,일반용,154611299,140074663,117941650,111802345
2023,서울특별시,송파구,교육용,9166950,7440758,5921822,5004659
2023,서울특별시,송파구,산업용,18536413,17086601,16439635,16674395
2023,서울특별시,송파구,농사용,306773,240639,199075,192745
2023,서울특별시,송파구,가로등,1685187,1648910,1415407,1390433
2023,서울특별시,송파구,심 야,1020180,887840,636962,1269301
2023,서울특별시,송파구,합 계,272873301,252206206,214698164,210957420
2023,서울특별시,중랑구,주택용,49811330,47746845,40800747,41514241
2023,서울특별시,중랑구,일반용,50669985,46839362,37020747,34600065
2023,서울특별시,중랑구,교육용,4779275,3782420,2747882,2275392
2023,서울특별시,중랑구,산업용,7164304,6752886,5558890,5212647
2023,서울특별시,중랑구,농사용,45631,43118,27641,24031
2023,서울특별시,중랑구,가로등,1055037,973531,926855,859963
2023,서울특별시,중랑구,심 야,394882,386985,283803,211108
2023,서울특별시,중랑구,합 계,113920444,106525147,87366565,84697447
2023,서울특별시,노원구,주택용,62341044,60150681,51080467,52559543
2023,서울특별시,노원구,일반용,63607579,58383185,47241147,43909138
2023,서울특별시,노원구,교육용,16510485,13063147,10640816,8911012
2023,서울특별시,노원구,산업용,8759378,5908106,5583128,5312250
2023,서울특별시,노원구,농사용,64003,56894,47613,45243
2023,서울특별시,노원구,가로등,1119879,1081276,1009579,972328
2023,서울특별시,노원구,심 야,861871,795329,540169,351176
2023,서울특별시,노원구,합 계,153264239,139438618,116142919,112060690
2023,서울특별시,서초구,주택용,62617837,59441635,52590081,53612975
2023,서울특별시,서초구,일반용,206504629,191071316,155505342,144123358
2023,서울특별시,서초구,교육용,7034737,5665263,4456165,3880734
2023,서울특별시,서초구,산업용,37903296,36900817,32239328,32569746
2023,서울특별시,서초구,농사용,963784,871439,664318,525461
2023,서울특별시,서초구,가로등,1869218,1722293,1542178,1731188
2023,서울특별시,서초구,심 야,745854,713091,545018,605668
2023,서울특별시,서초구,합 계,317639355,296385854,247542430,237049130
2023,서울특별시,양천구,주택용,58205784,56397035,48490493,49695460
2023,서울특별시,양천구,일반용,91682822,87144792,79264721,75239104
2023,서울특별시,양천구,교육용,5594516,4112544,3213973,2907134
2023,서울특별시,양천구,산업용,4992516,3986427,3208638,3414776
2023,서울특별시,양천구,농사용,17932,15524,11396,12120
2023,서울특별시,양천구,가로등,1086299,1035367,912498,896844
2023,서울특별시,양천구,심 야,998402,624363,258659,222274
2023,서울특별시,양천구,합 계,162578271,153316052,135360378,132387712
2023,서울특별시,광진구,주택용,44265606,42632305,35979523,36965697
2023,서울특별시,광진구,일반용,63919461,58861811,46728929,44232628
2023,서울특별시,광진구,교육용,9241735,7800340,6773522,5516295
2023,서울특별시,광진구,산업용,31748101,30420608,26252197,26902927
2023,서울특별시,광진구,농사용,32239,31605,25757,26840
2023,서울특별시,광진구,가로등,823513,768672,729230,672226
2023,서울특별시,광진구,심 야,735692,685496,489949,478246
2023,서울특별시,광진구,합 계,150766347,141200837,116979107,114794859
2023,서울특별시,강북구,주택용,37600929,36607748,30483170,31399869
2023,서울특별시,강북구,일반용,44137607,40372150,31644391,29379676
2023,서울특별시,강북구,교육용,3966138,3194080,2481474,1969663
2023,서울특별시,강북구,산업용,5135773,4814968,4227817,4083328
2023,서울특별시,강북구,농사용,7270,7197,5192,5271
2023,서울특별시,강북구,가로등,530727,479292,449145,417911
2023,서울특별시,강북구,심 야,717387,694066,495979,348257
2023,서울특별시,강북구,합 계,92095831,86169501,69787168,67603975
2023,서울특별시,금천구,주택용,31300112,30039971,25658480,26211844
2023,서울특별시,금천구,일반용,106292623,94490315,82106052,76204980
2023,서울특별시,금천구,교육용,2457165,2006403,1511983,1239290
2023,서울특별시,금천구,산업용,20916342,19284331,16487435,15634736
2023,서울특별시,금천구,농사용,5197,5197,3821,3320
2023,서울특별시,금천구,가로등,637040,602579,600709,582781
2023,서울특별시,금천구,심 야,238175,226171,177932,149690
2023,서울특별시,금천구,합 계,161846654,146654967,126546412,120026641
2023,부산광역시,중구,주택용,5804638,5663877,4737870,4792195
2023,부산광역시,중구,일반용,26682641,24706565,20761929,19875468
2023,부산광역시,중구,교육용,401890,333380,263430,258400
2023,부산광역시,중구,산업용,633440,588184,501818,487422
2023,부산광역시,중구,농사용,8924,8846,6958,6442
2023,부산광역시,중구,가로등,404997,368501,359839,338308
2023,부산광역시,중구,심 야,704340,656848,469763,315498
2023,부산광역시,중구,합 계,34640870,32326201,27101607,26073733
2023,부산광역시,서구,주택용,15201579,14943992,12599365,12927955
2023,부산광역시,서구,일반용,22040040,20473817,18352781,17713281
2023,부산광역시,서구,교육용,1792857,1494656,1251278,1178660
2023,부산광역시,서구,산업용,13875882,11171072,13419049,12826920
2023,부산광역시,서구,농사용,185383,194918,233164,254789
2023,부산광역시,서구,가로등,530135,493195,470657,434466
2023,부산광역시,서구,심 야,1597354,1522674,1080141,802247
2023,부산광역시,서구,합 계,55223230,50294324,47406435,46138318
2023,부산광역시,동구,주택용,12480046,12595274,10434919,10859019
2023,부산광역시,동구,일반용,28903359,26846880,22681875,21458743
2023,부산광역시,동구,교육용,763807,665357,538316,538867
2023,부산광역시,동구,산업용,7185478,6654758,6024601,6089752
2023,부산광역시,동구,농사용,3665,3930,2265,1773
2023,부산광역시,동구,가로등,445070,409963,392436,353239
2023,부산광역시,동구,심 야,1578192,1559448,1140946,846399
2023,부산광역시,동구,합 계,51359617,48735610,41215358,40147792
2023,부산광역시,영도구,주택용,14721168,14667502,12211251,12681952
2023,부산광역시,영도구,일반용,15870407,15044291,12347040,12253834
2023,부산광역시,영도구,교육용,3452242,3047295,2683270,2728487
2023,부산광역시,영도구,산업용,9835518,9525543,8450361,8431847
2023,부산광역시,영도구,농사용,5794,6064,6512,6505
2023,부산광역시,영도구,가로등,490091,455353,430247,386866
2023,부산광역시,영도구,심 야,1248486,1240261,905036,683741
2023,부산광역시,영도구,합 계,45623706,43986309,37033717,37173232
2023,부산광역시,부산진구,주택용,52377793,51586638,43974252,45684182
2023,부산광역시,부산진구,일반용,77233771,72727992,60596863,58976712
2023,부산광역시,부산진구,교육용,6124922,4847993,4495839,4227921
2023,부산광역시,부산진구,산업용,21406204,19136430,18962069,18270305
2023,부산광역시,부산진구,농사용,76375,71064,59640,56946
2023,부산광역시,부산진구,가로등,1312559,1222697,1191411,1098234
2023,부산광역시,부산진구,심 야,2774895,2648580,1844566,1390794
2023,부산광역시,부산진구,합 계,161306519,152241394,131124640,129705094
2023,부산광역시,동래구,주택용,37179368,37128856,31570173,32850610
2023,부산광역시,동래구,일반용,42585634,40661013,33363308,32863722
2023,부산광역시,동래구,교육용,1962246,1807228,1427455,1411849
2023,부산광역시,동래구,산업용,8481636,7956320,7867782,7900611
2023,부산광역시,동래구,농사용,26670,26214,20857,19982
2023,부산광역시,동래구,가로등,741830,705292,639630,597063
2023,부산광역시,동래구,심 야,2049008,2000439,1326857,896281
2023,부산광역시,동래구,합 계,93026392,90285362,76216062,76540118
2023,부산광역시,남구,주택용,36360582,35644339,30613484,31855751
2023,부산광역시,남구,일반용,39180046,37188614,31174393,30552341
2023,부산광역시,남구,교육용,7490224,6731063,5749677,5241880
2023,부산광역시,남구,산업용,40421839,39937760,43638199,41787534
2023,부산광역시,남구,농사용,103204,93533,81226,89693
2023,부산광역시,남구,가로등,969077,925882,854505,844298
2023,부산광역시,남구,심 야,1216076,1161185,836092,701463
2023,부산광역시,남구,합 계,125741048,121682376,112947576,111072960
2023,부산광역시,북구,주택용,36541067,35924560,30491691,31874583
2023,부산광역시,북구,일반용,33145645,31687609,25493182,24930259
2023,부산광역시,북구,교육용,2544048,2406190,1935816,1915111
2023,부산광역시,북구,산업용,9602929,9034820,8523695,8849695
2023,부산광역시,북구,농사용,75205,75336,62749,59235
2023,부산광역시,북구,가로등,867702,830605,763852,727151
2023,부산광역시,북구,심 야,1455445,1399443,932151,555228
2023,부산광역시,북구,합 계,84232041,81358563,68203136,68911262
2023,부산광역시,해운대구,주택용,59084500,58595725,50009610,52836575
2023,부산광역시,해운대구,일반용,82002614,75577536,66636531,64510660
2023,부산광역시,해운대구,교육용,3986601,3320715,2943414,2906247
2023,부산광역시,해운대구,산업용,16538571,16401833,15133505,13123469
2023,부산광역시,해운대구,농사용,140923,134544,135900,138134
2023,부산광역시,해운대구,가로등,1481906,1399751,1310747,1259670
2023,부산광역시,해운대구,심 야,1548664,1522747,1124304,908181
2023,부산광역시,해운대구,합 계,164783779,156952851,137294011,135682936
2023,부산광역시,사하구,주택용,40137463,39255988,33295942,34568535
2023,부산광역시,사하구,일반용,40620832,38734162,31628566,31468692
2023,부산광역시,사하구,교육용,4208441,3730667,3149958,2984099
2023,부산광역시,사하구,산업용,112070302,121317422,124858429,122015078
2023,부산광역시,사하구,농사용,246914,242695,266255,280871
2023,부산광역시,사하구,가로등,1038071,995244,959936,887290
2023,부산광역시,사하구,심 야,1817770,1719768,1190824,878674
2023,부산광역시,사하구,합 계,200139793,205995946,195349910,193083239
2023,부산광역시,금정구,주택용,30276253,29909073,25144952,26247624
2023,부산광역시,금정구,일반용,37663225,36087606,29227892,28415009
2023,부산광역시,금정구,교육용,8265010,7444083,6140626,5845493
2023,부산광역시,금정구,산업용,22522114,20400423,19775976,19624936
2023,부산광역시,금정구,농사용,707993,633725,408877,318388
2023,부산광역시,금정구,가로등,1129965,1087409,1018990,980771
2023,부산광역시,금정구,심 야,2234381,2139550,1470542,1087341
2023,부산광역시,금정구,합 계,102798941,97701869,83187855,82519562
2023,부산광역시,강서구,주택용,20335905,20167983,17175062,18037773
2023,부산광역시,강서구,일반용,61669237,57547482,53038342,52931916
2023,부산광역시,강서구,교육용,1191582,1188478,937702,915674
2023,부산광역시,강서구,산업용,292381431,285164665,290039923,285112389
2023,부산광역시,강서구,농사용,9348108,8505442,4977079,4077462
2023,부산광역시,강서구,가로등,2358014,2254698,2061153,1964863
2023,부산광역시,강서구,심 야,2738976,2645826,1726278,1248928
2023,부산광역시,강서구,합 계,390023253,377474574,369955539,364289005
2023,부산광역시,연제구,주택용,28174773,27934289,23559208,24651308
2023,부산광역시,연제구,일반용,38686267,36348711,30586883,29274217
2023,부산광역시,연제구,교육용,1662534,1513088,1152902,1125395
2023,부산광역시,연제구,산업용,5540950,5090076,4977792,4896676
2023,부산광역시,연제구,농사용,11597,11905,11261,11662
2023,부산광역시,연제구,가로등,551585,525208,478938,444619
2023,부산광역시,연제구,심 야,1262867,1177247,794463,557707
2023,부산광역시,연제구,합 계,75890573,72600524,61561447,60961584
2023,부산광역시,수영구,주택용,25350570,25144318,21280357,22312891
2023,부산광역시,수영구,일반용,30277058,29105923,23554193,23108177
2023,부산광역시,수영구,교육용,745639,748777,591551,591050
2023,부산광역시,수영구,산업용,1228423,1190839,1049508,1100381
2023,부산광역시,수영구,농사용,45766,43718,31840,28336
2023,부산광역시,수영구,가로등,471552,440876,412773,387337
2023,부산광역시,수영구,심 야,1107055,1066256,762948,558748
2023,부산광역시,수영구,합 계,59226063,57740707,47683170,48086920
2023,부산광역시,사상구,주택용,26781120,26244303,22179459,23000904
2023,부산광역시,사상구,일반용,40750097,38563809,31768350,30857209
2023,부산광역시,사상구,교육용,4320854,3963150,3554275,2985569
2023,부산광역시,사상구,산업용,70798389,69308780,62856069,62270270
2023,부산광역시,사상구,농사용,135668,134635,131180,165739
2023,부산광역시,사상구,가로등,907672,871576,809183,729364
2023,부산광역시,사상구,심 야,1728636,1631686,1034169,738195
2023,부산광역시,사상구,합 계,145422436,140717939,122332685,120747250
2023,부산광역시,기장군,주택용,14427827,13616009,12401569,12215901
2023,부산광역시,기장군,일반용,39205865,38877357,39049427,40169766
2023,부산광역시,기장군,교육용,1272975,1104757,881248,851920
2023,부산광역시,기장군,산업용,61932434,56000706,60149931,55907833
2023,부산광역시,기장군,농사용,3514774,3448353,2770889,2527496
2023,부산광역시,기장군,가로등,1575587,1498789,1355784,1387953
2023,부산광역시,기장군,심 야,3252389,2959210,1867333,1291454
2023,부산광역시,기장군,합 계,125181851,117505181,118476181,114352323
2023,대구광역시,중구,주택용,13282400,13058601,11071599,11522220
2023,대구광역시,중구,일반용,49695904,46308119,36591522,34092102
2023,대구광역시,중구,교육용,1388436,1304597,1002174,925032
2023,대구광역시,중구,산업용,3788072,3372521,2867221,2704921
2023,대구광역시,중구,농사용,23616,22325,19280,19150
2023,대구광역시,중구,가로등,737377,676771,647874,624285
2023,대구광역시,중구,심 야,1070629,992124,658631,439261
2023,대구광역시,중구,합 계,69986434,65735058,52858301,50326971
2023,대구광역시,동구,주택용,47814045,47333963,40029134,41253968
2023,대구광역시,동구,일반용,77726662,73731237,60259111,58124834
2023,대구광역시,동구,교육용,3560493,3275765,2518159,2188872
2023,대구광역시,동구,산업용,12606901,11674110,10083969,10299887
2023,대구광역시,동구,농사용,1873073,1770228,1273499,1082841
2023,대구광역시,동구,가로등,2265727,2138573,1876165,1906086
2023,대구광역시,동구,심 야,5243079,4975595,3295433,2208993
2023,대구광역시,동구,합 계,151089980,144899471,119335470,117065481
2023,대구광역시,서구,주택용,21420679,21056135,17880403,18231678
2023,대구광역시,서구,일반용,31584275,29955705,23520073,21784908
2023,대구광역시,서구,교육용,1714341,1417891,1180223,1007644
2023,대구광역시,서구,산업용,32154392,28962746,28538539,28765580
2023,대구광역시,서구,농사용,45849,47455,39147,38652
2023,대구광역시,서구,가로등,736849,675634,616630,588503
2023,대구광역시,서구,심 야,1962528,1894203,1257251,826244
2023,대구광역시,서구,합 계,89618913,84009769,73032266,71243209
2023,대구광역시,남구,주택용,20294012,19845743,16724204,16947754
2023,대구광역시,남구,일반용,31544985,30094528,24523098,23150788
2023,대구광역시,남구,교육용,3409168,2745803,2271327,1958038
2023,대구광역시,남구,산업용,1120737,1003801,800554,772460
2023,대구광역시,남구,농사용,28849,28228,21203,20466
2023,대구광역시,남구,가로등,536548,491900,450124,425887
2023,대구광역시,남구,심 야,3017666,2877082,1894096,1211110
2023,대구광역시,남구,합 계,59951965,57087085,46684606,44486503
2023,대구광역시,북구,주택용,57367818,55943354,48248780,49457310
2023,대구광역시,북구,일반용,80803931,76216988,61282176,58977225
2023,대구광역시,북구,교육용,10485024,10053556,7501371,6848488
2023,대구광역시,북구,산업용,67597152,63082363,56736202,55692876
2023,대구광역시,북구,농사용,802354,780698,667105,704857
2023,대구광역시,북구,가로등,2038350,1929099,1692378,1695102
2023,대구광역시,북구,심 야,3179923,3025692,2040162,1385559
2023,대구광역시,북구,합 계,222274552,211031750,178168174,174761417
2023,대구광역시,수성구,주택용,59230511,58401341,49274327,50745979
2023,대구광역시,수성구,일반용,76582363,72852938,56948857,53501807
2023,대구광역시,수성구,교육용,5205697,4235549,3199608,2843672
2023,대구광역시,수성구,산업용,18812178,16890060,17296156,16749520
2023,대구광역시,수성구,농사용,570825,547779,390051,304308
2023,대구광역시,수성구,가로등,1634389,1565767,1379607,1356727
2023,대구광역시,수성구,심 야,3445471,3339216,2203901,1424211
2023,대구광역시,수성구,합 계,165481434,157832650,130692507,126926224
2023,대구광역시,달서구,주택용,72701719,71452803,61758801,64056875
2023,대구광역시,달서구,일반용,90237890,85593093,68888845,65425491
2023,대구광역시,달서구,교육용,7837313,6736102,5464883,4848889
2023,대구광역시,달서구,산업용,179043493,169327492,163659364,160083200
2023,대구광역시,달서구,농사용,116648,100824,64571,57809
2023,대구광역시,달서구,가로등,2062251,1922969,1657336,1593804
2023,대구광역시,달서구,심 야,3027675,2876820,1907397,1149650
2023,대구광역시,달서구,합 계,355026989,338010103,303401197,297215718
2023,대구광역시,달성군,주택용,34453602,33607300,28873453,29479199
2023,대구광역시,달성군,일반용,48030337,45412464,37662157,36189922
2023,대구광역시,달성군,교육용,7039568,6257576,5699568,5270566
2023,대구광역시,달성군,산업용,267117160,260360355,265641576,258623363
2023,대구광역시,달성군,농사용,5959004,5697542,4286358,3750391
2023,대구광역시,달성군,가로등,2457783,2320799,2154220,2129302
2023,대구광역시,달성군,심 야,4736507,4627564,3174127,2070367
2023,대구광역시,달성군,합 계,369793961,358283600,347491459,337513110
2023,인천광역시,중구,주택용,25447366,24557759,20815173,20940442
2023,인천광역시,중구,일반용,121419537,108938352,99181085,93403356
2023,인천광역시,중구,교육용,2924807,2308714,2356463,1664775
2023,인천광역시,중구,산업용,87031470,75964957,81709614,81010022
2023,인천광역시,중구,농사용,539709,509702,553561,527475
2023,인천광역시,중구,가로등,2832049,2721451,2389578,2280991
2023,인천광역시,중구,심 야,3242090,3034545,2164881,1608026
2023,인천광역시,중구,합 계,243437028,218035480,209170355,201435087
2023,인천광역시,동구,주택용,8380754,7860791,6929873,6957541
2023,인천광역시,동구,일반용,12162335,11105402,8811684,7741602
2023,인천광역시,동구,교육용,1075504,888604,876724,642127
2023,인천광역시,동구,산업용,272839516,284144978,278078097,296650088
2023,인천광역시,동구,농사용,5771,5894,4413,2884
2023,인천광역시,동구,가로등,375785,348260,335998,328199
2023,인천광역시,동구,심 야,628772,562981,406297,163033
2023,인천광역시,동구,합 계,295468437,304916910,295443086,312485474
2023,인천광역시,미추홀구,주택용,57989702,56806947,48035183,49533433
2023,인천광역시,미추홀구,일반용,70669327,65169036,52641464,48454573
2023,인천광역시,미추홀구,교육용,7394669,5848066,5703092,4151873
2023,인천광역시,미추홀구,산업용,38829018,36239551,34471170,32350516
2023,인천광역시,미추홀구,농사용,50244,48506,36057,31509
2023,인천광역시,미추홀구,가로등,1158236,1074796,972623,955231
2023,인천광역시,미추홀구,심 야,2024742,1848227,1368307,1009748
2023,인천광역시,미추홀구,합 계,178115938,167035129,143227896,136486883
2023,인천광역시,서구,주택용,88945232,86767542,76208665,76883149
2023,인천광역시,서구,일반용,134483314,123137344,103455421,94880320
2023,인천광역시,서구,교육용,6268885,5024403,4896411,3155740
2023,인천광역시,서구,산업용,327558443,306141645,303808700,298286561
2023,인천광역시,서구,농사용,1021439,910784,656539,817655
2023,인천광역시,서구,가로등,3358112,3161288,2879325,2775963
2023,인천광역시,서구,심 야,1877593,1766484,1241231,915705
2023,인천광역시,서구,합 계,563513018,526909490,493146292,477715093
2023,인천광역시,남동구,주택용,71899356,69898498,59278280,60755806
2023,인천광역시,남동구,일반용,99991993,92557838,75062265,69404939
2023,인천광역시,남동구,교육용,4863955,3935738,3807160,2573900
2023,인천광역시,남동구,산업용,195733842,186593506,171618117,162180592
2023,인천광역시,남동구,농사용,1464590,1305629,910473,805411
2023,인천광역시,남동구,가로등,1915145,1799503,1605019,1571418
2023,인천광역시,남동구,심 야,1757270,1634715,1079577,724927
2023,인천광역시,남동구,합 계,377626151,357725427,313360891,298016993
2023,인천광역시,부평구,주택용,68997625,66899456,56810945,58451888
2023,인천광역시,부평구,일반용,84721428,77422580,62908345,56866454
2023,인천광역시,부평구,교육용,4881583,3921469,3992895,2664329
2023,인천광역시,부평구,산업용,63095104,59408356,57056843,53789593
2023,인천광역시,부평구,농사용,64152,62576,59764,59761
2023,인천광역시,부평구,가로등,1213653,1148065,1042046,1038695
2023,인천광역시,부평구,심 야,1591823,1521899,1088269,763145
2023,인천광역시,부평구,합 계,224565368,210384401,182959107,173633865
2023,인천광역시,계양구,주택용,37603115,36323966,30972093,31748356
2023,인천광역시,계양구,일반용,47639105,43953882,35853495,33093480
2023,인천광역시,계양구,교육용,3500195,2784740,2760016,1876274
2023,인천광역시,계양구,산업용,35444371,32506957,31522044,29807769
2023,인천광역시,계양구,농사용,1049157,970795,685185,588335
2023,인천광역시,계양구,가로등,1122807,1040419,922421,941020
2023,인천광역시,계양구,심 야,1336536,1280149,896192,586801
2023,인천광역시,계양구,합 계,127695286,118860908,103611446,98642035
2023,인천광역시,연수구,주택용,62494951,59274420,52364802,53408681
2023,인천광역시,연수구,일반용,85249172,76888370,67703898,63132044
2023,인천광역시,연수구,교육용,10503874,8673219,9186815,7026457
2023,인천광역시,연수구,산업용,117219817,104105129,106791845,100897964
2023,인천광역시,연수구,농사용,108908,99742,82735,75554
2023,인천광역시,연수구,가로등,2332321,2238588,1963087,2013020
2023,인천광역시,연수구,심 야,827364,751359,557263,322186
2023,인천광역시,연수구,합 계,278736407,252030827,238650445,226875906
2023,인천광역시,강화군,주택용,9584237,9285803,7210553,7139248
2023,인천광역시,강화군,일반용,25189909,23848186,18134489,15675061
2023,인천광역시,강화군,교육용,1874390,1368973,1413807,964682
2023,인천광역시,강화군,산업용,10830608,10340988,9074979,8934356
2023,인천광역시,강화군,농사용,8032260,7732305,6691800,6819345
2023,인천광역시,강화군,가로등,988747,885247,843277,776157
2023,인천광역시,강화군,심 야,14878587,14330031,9910173,7246693
2023,인천광역시,강화군,합 계,71378738,67791533,53279078,47555542
2023,인천광역시,옹진군,주택용,2842365,2673762,2191908,2281821
2023,인천광역시,옹진군,일반용,13844188,13264219,10511789,9780101
2023,인천광역시,옹진군,교육용,378941,237688,209303,213653
2023,인천광역시,옹진군,산업용,4618881,8654812,4456603,4421739
2023,인천광역시,옹진군,농사용,1230204,1176400,1167947,1423919
2023,인천광역시,옹진군,가로등,177417,161832,146076,137775
2023,인천광역시,옹진군,심 야,3433902,3218566,2182420,1705083
2023,인천광역시,옹진군,합 계,26525898,29387279,20866046,19964091
2023,광주광역시,동구,주택용,16397273,15460982,13912531,13973325
2023,광주광역시,동구,일반용,36617160,34108511,28630938,26702501
2023,광주광역시,동구,교육용,4223845,3402509,3056339,2950135
2023,광주광역시,동구,산업용,3342171,2943994,2812069,2720352
2023,광주광역시,동구,농사용,194042,176132,158196,147850
2023,광주광역시,동구,가로등,836346,788039,742786,755369
2023,광주광역시,동구,심 야,1309775,1256421,902566,652301
2023,광주광역시,동구,합 계,62920612,58136588,50215425,47901833
2023,광주광역시,서구,주택용,40096950,39635993,34046375,35186365
2023,광주광역시,서구,일반용,76764296,72950546,61086602,58000269
2023,광주광역시,서구,교육용,3157161,1951620,1860785,1805302
2023,광주광역시,서구,산업용,26125961,25737932,26414686,24811666
2023,광주광역시,서구,농사용,559440,603713,488230,416478
2023,광주광역시,서구,가로등,1212680,1133070,1009804,1008958
2023,광주광역시,서구,심 야,1864228,1829002,1450318,1176539
2023,광주광역시,서구,합 계,149780716,143841876,126356800,122405577
2023,광주광역시,북구,주택용,58024390,55888302,48721325,50224231
2023,광주광역시,북구,일반용,74720699,71225369,57586188,55391134
2023,광주광역시,북구,교육용,16008227,12830862,12139140,11119043
2023,광주광역시,북구,산업용,61649209,56907619,58717815,58168904
2023,광주광역시,북구,농사용,2249115,1963992,1430940,1040644
2023,광주광역시,북구,가로등,1774049,1676260,1478528,1427111
2023,광주광역시,북구,심 야,3462091,3220233,2402410,1667501
2023,광주광역시,북구,합 계,217887780,203712637,182476346,179038568
2023,광주광역시,광산구,주택용,54993531,54362265,46411693,48643415
2023,광주광역시,광산구,일반용,81043283,77373698,65125017,62335200
2023,광주광역시,광산구,교육용,7415160,4946978,4778855,4516528
2023,광주광역시,광산구,산업용,167416912,168379026,163469676,160946449
2023,광주광역시,광산구,농사용,7405299,7095609,5380424,4162309
2023,광주광역시,광산구,가로등,2534814,2394487,2115985,1958635
2023,광주광역시,광산구,심 야,2597159,2457161,1883166,1366565
2023,광주광역시,광산구,합 계,323406158,317009224,289164816,283929101
2023,광주광역시,남구,주택용,29432321,28848756,24339070,25511823
2023,광주광역시,남구,일반용,31349282,30166470,23750980,23165495
2023,광주광역시,남구,교육용,4188951,2991477,2861067,2645720
2023,광주광역시,남구,산업용,4481033,4360712,3904980,3939073
2023,광주광역시,남구,농사용,1222920,1119286,870371,694860
2023,광주광역시,남구,가로등,1079347,1005104,927666,915415
2023,광주광역시,남구,심 야,2099969,1936730,1273018,703762
2023,광주광역시,남구,합 계,73853823,70428535,57927152,57576148
2023,대전광역시,동구,주택용,30573432,29928653,25181189,26187690
2023,대전광역시,동구,일반용,42420336,39930561,31622687,29823306
2023,대전광역시,동구,교육용,7222827,5540202,4694785,4060858
2023,대전광역시,동구,산업용,8421260,7812973,6615601,6654000
2023,대전광역시,동구,농사용,489424,524564,418061,379277
2023,대전광역시,동구,가로등,977573,927395,842262,860276
2023,대전광역시,동구,심 야,6555313,6215626,4203768,2760662
2023,대전광역시,동구,합 계,96660165,90879974,73578353,70726069
2023,대전광역시,중구,주택용,30600496,29871233,24980866,25701846
2023,대전광역시,중구,일반용,52683514,49411878,40090712,37077362
2023,대전광역시,중구,교육용,4669145,3427538,2880457,2460607
2023,대전광역시,중구,산업용,3159669,2945957,2730049,2736801
2023,대전광역시,중구,농사용,273897,262248,192089,177185
2023,대전광역시,중구,가로등,927644,891160,793023,804281
2023,대전광역시,중구,심 야,5257164,4926856,3338052,2164716
2023,대전광역시,중구,합 계,97571529,91736870,75005248,71122798
2023,대전광역시,서구,주택용,62352264,61381841,51891735,53469664
2023,대전광역시,서구,일반용,107965107,101254178,82874002,76600095
2023,대전광역시,서구,교육용,8673387,6717352,5550824,5050507
2023,대전광역시,서구,산업용,5124435,4689955,4187855,4085934
2023,대전광역시,서구,농사용,786560,738790,546321,449486
2023,대전광역시,서구,가로등,1673832,1572512,1398039,1409030
2023,대전광역시,서구,심 야,5511359,5223532,3584913,2426171
2023,대전광역시,서구,합 계,192086944,181578160,150033689,143490887
2023,대전광역시,대덕구,주택용,22823534,22457893,18922879,19404561
2023,대전광역시,대덕구,일반용,41170706,38880872,31011285,28257300
2023,대전광역시,대덕구,교육용,3931397,3042703,2491664,2038704
2023,대전광역시,대덕구,산업용,173771108,167350630,161516486,156944623
2023,대전광역시,대덕구,농사용,411718,388109,319431,334927
2023,대전광역시,대덕구,가로등,1036515,975722,879161,867881
2023,대전광역시,대덕구,심 야,2948883,2775514,2048090,1360214
2023,대전광역시,대덕구,합 계,246093861,235871443,217188996,209208210
2023,대전광역시,유성구,주택용,49570680,48948307,41454317,43137873
2023,대전광역시,유성구,일반용,142217782,132230211,115463661,112641272
2023,대전광역시,유성구,교육용,25671378,22184948,20091278,18103316
2023,대전광역시,유성구,산업용,76142257,70464260,66164785,63500188
2023,대전광역시,유성구,농사용,2399968,2295778,1576283,1298770
2023,대전광역시,유성구,가로등,2360827,2233153,1998271,1995227
2023,대전광역시,유성구,심 야,3918356,3624869,2510879,2186011
2023,대전광역시,유성구,합 계,302281248,281981526,249259474,242862657
2023,울산광역시,북구,주택용,28581398,28468996,24260184,25303236
2023,울산광역시,북구,일반용,32863367,31559261,26280381,25851792
2023,울산광역시,북구,교육용,2563252,2112824,1845064,1741525
2023,울산광역시,북구,산업용,147791807,144734020,147971625,141238981
2023,울산광역시,북구,농사용,1848066,1786468,1290390,993594
2023,울산광역시,북구,가로등,1490386,1395512,1247068,1207397
2023,울산광역시,북구,심 야,1210033,1164782,782517,570440
2023,울산광역시,북구,합 계,216348309,211221863,203677229,196906965
2023,울산광역시,동구,주택용,19566481,19391597,16485921,17160299
2023,울산광역시,동구,일반용,21466506,20340046,17306966,16941080
2023,울산광역시,동구,교육용,2108264,1470562,1420187,1442182
2023,울산광역시,동구,산업용,83407305,79972321,84986180,80257054
2023,울산광역시,동구,농사용,108445,105790,109520,129135
2023,울산광역시,동구,가로등,745654,689071,637723,606095
2023,울산광역시,동구,심 야,705507,690456,535328,402543
2023,울산광역시,동구,합 계,128108162,122659843,121481825,116938388
2023,울산광역시,중구,주택용,27479595,27290785,23087609,23788168
2023,울산광역시,중구,일반용,32062912,30341303,25201243,24379246
2023,울산광역시,중구,교육용,2049672,1410115,1440677,1351278
2023,울산광역시,중구,산업용,2754836,2528158,2247642,2256192
2023,울산광역시,중구,농사용,283031,271408,218355,211457
2023,울산광역시,중구,가로등,1234986,1151270,1051771,1021510
2023,울산광역시,중구,심 야,909524,866382,587483,395214
2023,울산광역시,중구,합 계,66774556,63859421,53834780,53403065
2023,울산광역시,남구,주택용,42091061,41776941,35585889,36855752
2023,울산광역시,남구,일반용,74811721,70725868,58559951,55320913
2023,울산광역시,남구,교육용,5363158,3917251,3701548,3480855
2023,울산광역시,남구,산업용,1236249599,1144079156,1259706773,1218541093
2023,울산광역시,남구,농사용,66590,60484,48167,38738
2023,울산광역시,남구,가로등,1388651,1293919,1152670,1142551
2023,울산광역시,남구,심 야,2623727,2465676,1862455,1299290
2023,울산광역시,남구,합 계,1362594507,1264319295,1360617453,1316679192
2023,울산광역시,울주군,주택용,29878617,29583004,25001312,25812644
2023,울산광역시,울주군,일반용,48527759,46345229,38855311,37355407
2023,울산광역시,울주군,교육용,9438517,7705871,7614577,7256112
2023,울산광역시,울주군,산업용,877140226,827751524,790447012,806231633
2023,울산광역시,울주군,농사용,6575274,6509469,5227020,4907452
2023,울산광역시,울주군,가로등,2694836,2569365,2485633,2499511
2023,울산광역시,울주군,심 야,6200723,5972576,4160813,3125789
2023,울산광역시,울주군,합 계,980455952,926437038,873791678,887188548
2023,경기도,의정부시,주택용,65170297,64136069,53596087,55289056
2023,경기도,의정부시,일반용,84588413,77688309,60329661,55546358
2023,경기도,의정부시,교육용,7042742,5068130,4323757,3182311
2023,경기도,의정부시,산업용,27422555,21483074,19918794,18575009
2023,경기도,의정부시,농사용,383230,367470,274257,241542
2023,경기도,의정부시,가로등,2040505,1963540,1818764,1844498
2023,경기도,의정부시,심 야,2122668,2016525,1403072,930907
2023,경기도,의정부시,합 계,188770410,172723117,141664392,135609681
2023,경기도,광명시,주택용,32933594,31302276,27468800,27736265
2023,경기도,광명시,일반용,46240838,44181333,44732297,41718495
2023,경기도,광명시,교육용,3126294,2064168,1901438,1561304
2023,경기도,광명시,산업용,24169525,22663436,22989355,20331985
2023,경기도,광명시,농사용,948908,922270,706052,601512
2023,경기도,광명시,가로등,1139065,1083813,994457,1004872
2023,경기도,광명시,심 야,1745341,1627639,1114863,737163
2023,경기도,광명시,합 계,110303565,103844935,99907262,93691596
2023,경기도,평택시,주택용,91257527,89354990,75664395,78005569
2023,경기도,평택시,일반용,187448011,136839037,191312109,138071893
2023,경기도,평택시,교육용,8504423,5951945,5315070,4267225
2023,경기도,평택시,산업용,1291206301,1385488940,1107939765,1272216801
2023,경기도,평택시,농사용,17522999,17027931,13370166,15054137
2023,경기도,평택시,가로등,4208462,4040010,3527130,3493080
2023,경기도,평택시,심 야,19222672,17745929,11624126,8080015
2023,경기도,평택시,합 계,1619370395,1656448782,1408752761,1519188720
2023,경기도,동두천시,주택용,13097737,12236642,10453907,10423933
2023,경기도,동두천시,일반용,26625987,25425445,19436244,17213474
2023,경기도,동두천시,교육용,2413018,1672233,1405099,1090080
2023,경기도,동두천시,산업용,22620351,19583757,19354751,19197983
2023,경기도,동두천시,농사용,792745,718281,514320,445385
2023,경기도,동두천시,가로등,713867,660454,609537,632618
2023,경기도,동두천시,심 야,2557522,2411709,1613838,1129605
2023,경기도,동두천시,합 계,68821227,62708521,53387696,50133078
2023,경기도,안산시,주택용,89575528,86225165,74637348,76544880
2023,경기도,안산시,일반용,133366097,122617810,98075618,90005926
2023,경기도,안산시,교육용,12842723,9231657,7995720,7301840
2023,경기도,안산시,산업용,487399333,457977586,459376483,437923111
2023,경기도,안산시,농사용,3842340,3652169,2929155,2758863
2023,경기도,안산시,가로등,3097311,2945196,2615590,2582772
2023,경기도,안산시,심 야,5038753,4807165,3444805,2410306
2023,경기도,안산시,합 계,735162085,687456748,649074719,619527698
2023,경기도,과천시,주택용,11104403,10966106,9286637,9697609
2023,경기도,과천시,일반용,25603604,23438063,19706727,18336178
2023,경기도,과천시,교육용,1860297,1434914,1156327,955680
2023,경기도,과천시,산업용,4291796,3969702,3908229,4071287
2023,경기도,과천시,농사용,1289082,1209758,867531,693906
2023,경기도,과천시,가로등,523760,492300,436707,443028
2023,경기도,과천시,심 야,314662,312258,249293,221415
2023,경기도,과천시,합 계,44987604,41823101,35611451,34419103
2023,경기도,구리시,주택용,26106390,24574066,21546294,21657685
2023,경기도,구리시,일반용,41365234,37423161,29609723,27261906
2023,경기도,구리시,교육용,2142651,1491264,1283964,1013419
2023,경기도,구리시,산업용,11262130,10104440,9609358,9267251
2023,경기도,구리시,농사용,611624,567741,418268,388216
2023,경기도,구리시,가로등,969755,899878,830250,815585
2023,경기도,구리시,심 야,385429,371963,277236,182767
2023,경기도,구리시,합 계,82843213,75432513,63575093,60586829
2023,경기도,오산시,주택용,33448455,32240983,27967545,28564435
2023,경기도,오산시,일반용,51654716,48004851,39277784,36072877
2023,경기도,오산시,교육용,4660596,3401979,2852217,2317489
2023,경기도,오산시,산업용,50175744,45985966,45136583,44132838
2023,경기도,오산시,농사용,688652,644049,455417,394386
2023,경기도,오산시,가로등,942820,902901,802882,800212
2023,경기도,오산시,심 야,2054892,1939002,1352024,981372
2023,경기도,오산시,합 계,143625875,133119731,117844452,113263609
2023,경기도,군포시,주택용,35458954,34658198,29622993,30517001
2023,경기도,군포시,일반용,48894386,44975097,36673242,33856303
2023,경기도,군포시,교육용,3392215,2379545,2078543,1750965
2023,경기도,군포시,산업용,57645251,51679039,46866063,43415757
2023,경기도,군포시,농사용,282594,246473,181495,167086
2023,경기도,군포시,가로등,962993,936443,837050,842323
2023,경기도,군포시,심 야,579953,546014,361499,258070
2023,경기도,군포시,합 계,147216346,135420809,116620885,110807505
2023,경기도,의왕시,주택용,21854272,21589188,18292584,18860608
2023,경기도,의왕시,일반용,44038565,39620156,34721161,31673209
2023,경기도,의왕시,교육용,2534000,1899011,1589330,1350705
2023,경기도,의왕시,산업용,14182599,13421476,11662382,11785028
2023,경기도,의왕시,농사용,1310377,1179891,779301,675183
2023,경기도,의왕시,가로등,1203158,1163537,1051913,1080268
2023,경기도,의왕시,심 야,1441306,1430181,1091219,686041
2023,경기도,의왕시,합 계,86564277,80303440,69187890,66111042
2023,경기도,시흥시,주택용,75942312,73811904,63364828,65702019
2023,경기도,시흥시,일반용,109517150,101953572,80461313,74717955
2023,경기도,시흥시,교육용,6899558,5482583,5265399,4237257
2023,경기도,시흥시,산업용,269721174,253492096,234875225,225699073
2023,경기도,시흥시,농사용,2617241,2389359,1786060,1589955
2023,경기도,시흥시,가로등,3109593,3047925,2607349,2554412
2023,경기도,시흥시,심 야,4035512,3782724,2627996,1804885
2023,경기도,시흥시,합 계,471842540,443960163,390988170,376305556
2023,경기도,남양주시,주택용,105455172,102779266,86470653,87925912
2023,경기도,남양주시,일반용,137757213,128252777,98973239,90351689
2023,경기도,남양주시,교육용,10767876,7079814,6014023,5122485
2023,경기도,남양주시,산업용,96628748,88334545,79017170,75369878
2023,경기도,남양주시,농사용,6876612,6448629,4866221,4147451
2023,경기도,남양주시,가로등,4414326,4114297,3856402,3791378
2023,경기도,남양주시,심 야,12961445,11949737,8005874,5562103
2023,경기도,남양주시,합 계,374861392,348959065,287203582,272270896
2023,경기도,하남시,주택용,48749546,47513102,40711951,42116449
2023,경기도,하남시,일반용,74525429,67882027,54778920,51997617
2023,경기도,하남시,교육용,2918219,2185597,1830937,1478907
2023,경기도,하남시,산업용,47557583,44759821,44191249,43757465
2023,경기도,하남시,농사용,3595857,3232029,2271416,1916437
2023,경기도,하남시,가로등,1761465,1707255,1525912,1557324
2023,경기도,하남시,심 야,3590802,3277181,2218507,1588835
2023,경기도,하남시,합 계,182698901,170557012,147528892,144413034
2023,경기도,양주시,주택용,38093556,36036550,31511426,31747133
2023,경기도,양주시,일반용,69570056,64395492,48932891,44285947
2023,경기도,양주시,교육용,4613850,3494826,2984961,2285894
2023,경기도,양주시,산업용,113109472,104153098,93509136,91495270
2023,경기도,양주시,농사용,11180335,10496041,7624102,6547087
2023,경기도,양주시,가로등,2722986,2552404,2394819,2349298
2023,경기도,양주시,심 야,12939725,12138350,8387295,5846361
2023,경기도,양주시,합 계,252229980,233266761,195344630,184556990
2023,경기도,여주시,주택용,17104151,16327755,13144177,13242851
2023,경기도,여주시,일반용,44000214,41374603,33698156,30005536
2023,경기도,여주시,교육용,3259668,2412343,1907181,1641226
2023,경기도,여주시,산업용,51461149,48034233,46022642,45147370
2023,경기도,여주시,농사용,25302651,23736750,18095665,16252318
2023,경기도,여주시,가로등,1331250,1284289,1222788,1255226
2023,경기도,여주시,심 야,25231725,23524161,15837004,11123791
2023,경기도,여주시,합 계,167690808,156694134,129927613,118668318
2023,경기도,화성시,주택용,140401453,137041921,116600304,120170349
2023,경기도,화성시,일반용,278322519,258537493,226519237,210873815
2023,경기도,화성시,교육용,14368929,10524772,9629583,7773004
2023,경기도,화성시,산업용,1428053845,1329614322,1339721773,1294144858
2023,경기도,화성시,농사용,28535981,27107770,20999242,20436528
2023,경기도,화성시,가로등,7694972,7180493,6643957,6536003
2023,경기도,화성시,심 야,29696346,28091733,19737015,14175500
2023,경기도,화성시,합 계,1927074045,1798098504,1739851111,1674110057
2023,경기도,파주시,주택용,71722135,67353820,59244141,58720759
2023,경기도,파주시,일반용,141443979,131884944,105104017,93927802
2023,경기도,파주시,교육용,8937366,6036696,5340490,4500610
2023,경기도,파주시,산업용,575669971,523531089,529867973,525807276
2023,경기도,파주시,농사용,21866479,20248214,15156617,13908559
2023,경기도,파주시,가로등,3506226,3221839,3051707,2965343
2023,경기도,파주시,심 야,20826860,19765949,13962863,9946000
2023,경기도,파주시,합 계,843973016,772042551,731727808,709776349
2023,경기도,광주시,주택용,55748017,54270719,45254590,46580363
2023,경기도,광주시,일반용,97196041,89058815,68945985,62550024
2023,경기도,광주시,교육용,4609385,3115179,2697861,2245171
2023,경기도,광주시,산업용,116379590,108495624,92913695,89030216
2023,경기도,광주시,농사용,8607569,8177533,6055199,5367988
2023,경기도,광주시,가로등,2582706,2452275,2432522,2422091
2023,경기도,광주시,심 야,18367203,16819862,11073277,7656140
2023,경기도,광주시,합 계,303490511,282390007,229373129,215851993
2023,경기도,연천군,주택용,6197940,5936774,4696632,4579962
2023,경기도,연천군,일반용,20709833,19456376,14050825,12297826
2023,경기도,연천군,교육용,1017657,788115,631205,497109
2023,경기도,연천군,산업용,19510772,18004480,17100298,17471570
2023,경기도,연천군,농사용,9476739,8923598,7160359,6712203
2023,경기도,연천군,가로등,573165,523806,486992,446088
2023,경기도,연천군,심 야,11746951,10884696,7383567,5174361
2023,경기도,연천군,합 계,69233057,64517845,51509878,47179119
2023,경기도,포천시,주택용,20808547,19791427,16010137,15977116
2023,경기도,포천시,일반용,65636383,62031488,47418309,42228221
2023,경기도,포천시,교육용,4969606,3767504,3330432,2777652
2023,경기도,포천시,산업용,160289135,153749202,138073585,135248895
2023,경기도,포천시,농사용,24320565,23077315,18082500,16040717
2023,경기도,포천시,가로등,1626537,1499343,1400092,1347258
2023,경기도,포천시,심 야,28836302,26974760,18498044,12885990
2023,경기도,포천시,합 계,306487075,290891039,242813099,226505849
2023,경기도,가평군,주택용,9773149,9159835,7288196,7301372
2023,경기도,가평군,일반용,48793678,44635774,34022795,28817189
2023,경기도,가평군,교육용,1685655,1385008,1225842,965619
2023,경기도,가평군,산업용,9310740,8577695,8090994,7704947
2023,경기도,가평군,농사용,3717639,3591068,2808475,2567748
2023,경기도,가평군,가로등,813757,752492,780034,722178
2023,경기도,가평군,심 야,16528510,15457252,10602755,7516637
2023,경기도,가평군,합 계,90623128,83559124,64819091,55595690
2023,경기도,양평군,주택용,19856966,18640119,14648205,14641423
2023,경기도,양평군,일반용,40335431,37291481,27716207,24204006
2023,경기도,양평군,교육용,2680789,1923617,1525344,1186986
2023,경기도,양평군,산업용,12270819,10727251,9654613,9329527
2023,경기도,양평군,농사용,12108977,11397002,9644350,8591777
2023,경기도,양평군,가로등,1120416,1039767,1038856,1159476
2023,경기도,양평군,심 야,39182289,36274276,24296837,17053927
2023,경기도,양평군,합 계,127555687,117293513,88524412,76167122
2023,경기도,이천시,주택용,31643634,30682341,25070344,25495039
2023,경기도,이천시,일반용,99544477,90918655,73192607,67168651
2023,경기도,이천시,교육용,5373417,3635825,2936536,2579522
2023,경기도,이천시,산업용,645572495,607614214,545047105,447788443
2023,경기도,이천시,농사용,32224982,30629511,23229773,19940262
2023,경기도,이천시,가로등,1010859,949920,872582,845521
2023,경기도,이천시,심 야,26550952,24600768,16433405,11411533
2023,경기도,이천시,합 계,841920816,789031234,686782352,575228971
2023,경기도,용인시,주택용,152919307,149258327,126037051,130668583
2023,경기도,용인시,일반용,306887342,280996596,238577681,223230436
2023,경기도,용인시,교육용,24438026,18029155,16501799,13602968
2023,경기도,용인시,산업용,484917038,442365505,464451520,452373382
2023,경기도,용인시,농사용,22761898,21261350,15403312,12259516
2023,경기도,용인시,가로등,5769059,5485000,5133431,5064120
2023,경기도,용인시,심 야,27013427,25031643,17199910,12196724
2023,경기도,용인시,합 계,1024706097,942427576,883304704,849395729
2023,경기도,안성시,주택용,28325782,27616105,22755918,23270043
2023,경기도,안성시,일반용,76423340,70575174,58585379,53840163
2023,경기도,안성시,교육용,7293476,5452711,5162413,4095197
2023,경기도,안성시,산업용,187868486,179434547,170025089,163002890
2023,경기도,안성시,농사용,30231020,29747121,24250301,21836155
2023,경기도,안성시,가로등,1741221,1644672,1537563,1523033
2023,경기도,안성시,심 야,25348111,23707725,16555714,11643226
2023,경기도,안성시,합 계,357231436,338178055,298872377,279210707
2023,경기도,김포시,주택용,72782637,72321520,60573880,62392231
2023,경기도,김포시,일반용,120492987,110881041,90391517,82173010
2023,경기도,김포시,교육용,5348954,4308579,4400928,3065920
2023,경기도,김포시,산업용,228864614,215454272,188200530,182402266
2023,경기도,김포시,농사용,11328502,10815838,8318358,8830811
2023,경기도,김포시,가로등,3181869,3018221,2682274,2617862
2023,경기도,김포시,심 야,14112320,13233044,8878690,6095889
2023,경기도,김포시,합 계,456111883,430032515,363446177,347577989
2023,경기도,부천시,주택용,109362978,104511088,91624589,92494108
2023,경기도,부천시,일반용,144783604,134209152,107410017,99984004
2023,경기도,부천시,교육용,10910908,8025656,7478687,5658177
2023,경기도,부천시,산업용,148875261,136719748,127651639,124027356
2023,경기도,부천시,농사용,561625,521424,382089,316287
2023,경기도,부천시,가로등,2410107,2230367,2030686,1972689
2023,경기도,부천시,심 야,1567318,1470113,1033141,763374
2023,경기도,부천시,합 계,418471801,387687548,337610848,325215995
2023,경기도,성남시,주택용,131251372,125866534,109392722,111360808
2023,경기도,성남시,일반용,287321647,261159415,235748094,222562130
2023,경기도,성남시,교육용,15023036,11316829,9913987,8102693
2023,경기도,성남시,산업용,77528125,68978101,69532209,65212222
2023,경기도,성남시,농사용,2532478,2251073,1394828,963322
2023,경기도,성남시,가로등,6211150,5869263,5500840,5479846
2023,경기도,성남시,심 야,3013255,2659343,2014995,1770221
2023,경기도,성남시,합 계,522881063,478100558,433497675,415451242
2023,경기도,수원시,주택용,170174394,163372293,141765817,146178270
2023,경기도,수원시,일반용,312682627,287511429,249159549,235007296
2023,경기도,수원시,교육용,26805346,21105960,20012783,17199042
2023,경기도,수원시,산업용,58669444,52461937,53941879,52891626
2023,경기도,수원시,농사용,1113825,1026733,726971,596700
2023,경기도,수원시,가로등,4972757,4725515,4186782,4159711
2023,경기도,수원시,심 야,5563298,5052264,3482652,2250657
2023,경기도,수원시,합 계,579981691,535256131,473276433,458283302
2023,경기도,안양시,주택용,74265964,72034774,62103193,63681976
2023,경기도,안양시,일반용,159703712,146032773,130886709,122978741
2023,경기도,안양시,교육용,8755807,6385834,5485543,4684475
2023,경기도,안양시,산업용,42629964,38617732,35568126,33841470
2023,경기도,안양시,농사용,86155,78568,51490,44297
2023,경기도,안양시,가로등,1937541,1847578,1697633,1758553
2023,경기도,안양시,심 야,1179087,1127227,899822,707060
2023,경기도,안양시,합 계,288558230,266124486,236692516,227696572
2023,경기도,고양시,주택용,142729695,134683023,119938019,120026465
2023,경기도,고양시,일반용,242504606,233904316,176421158,162823276
2023,경기도,고양시,교육용,14854493,10366269,8808555,7847571
2023,경기도,고양시,산업용,78822652,73345086,63514020,59568910
2023,경기도,고양시,농사용,29436224,26761197,17899366,13564623
2023,경기도,고양시,가로등,5181399,4876552,4334390,4189492
2023,경기도,고양시,심 야,11078582,10257751,7139116,5055468
2023,경기도,고양시,합 계,524607651,494194194,398054624,373075805
2023,강원도,춘천시,주택용,43337332,41800963,34852990,35283043
2023,강원도,춘천시,일반용,91662396,86323969,70525752,65671573
2023,강원도,춘천시,교육용,13734077,11128118,8812409,7726805
2023,강원도,춘천시,산업용,21235100,20258483,19085417,18877695
2023,강원도,춘천시,농사용,6635582,6452823,5443536,4709564
2023,강원도,춘천시,가로등,1889606,1829074,1735780,1771306
2023,강원도,춘천시,심 야,23483024,22028125,15288499,10586757
2023,강원도,춘천시,합 계,201977117,189821555,155744383,144626743
2023,강원도,원주시,주택용,55998366,55975474,46189819,45939019
2023,강원도,원주시,일반용,98264647,90250215,70368662,64289251
2023,강원도,원주시,교육용,9683446,8041087,7202833,5518755
2023,강원도,원주시,산업용,74806626,71115289,69891226,67384344
2023,강원도,원주시,농사용,7733064,7441214,6127670,5657402
2023,강원도,원주시,가로등,2293607,2195729,2009696,2014816
2023,강원도,원주시,심 야,32635971,30015073,19977113,13464693
2023,강원도,원주시,합 계,281415727,265034081,221767019,204268280
2023,강원도,강릉시,주택용,31179520,30447796,25804747,26035575
2023,강원도,강릉시,일반용,64817606,62751219,50892188,47450635
2023,강원도,강릉시,교육용,5973409,4792836,4219168,3828629
2023,강원도,강릉시,산업용,70480881,75743252,76832937,75054988
2023,강원도,강릉시,농사용,5410741,5278546,4280390,4189494
2023,강원도,강릉시,가로등,2463458,2289572,2158138,2163920
2023,강원도,강릉시,심 야,18442767,17942120,12663803,9347203
2023,강원도,강릉시,합 계,198768382,199245341,176851371,168070444
2023,강원도,동해시,주택용,12892766,12816930,10657349,10966849
2023,강원도,동해시,일반용,23763802,23225097,18634689,17763511
2023,강원도,동해시,교육용,1311728,861391,800240,747139
2023,강원도,동해시,산업용,156202101,133538272,153953709,156962970
2023,강원도,동해시,농사용,369650,366301,327590,332461
2023,강원도,동해시,가로등,555952,525989,473748,478721
2023,강원도,동해시,심 야,5789479,5696684,3934833,2894068
2023,강원도,동해시,합 계,200885478,177030664,188782158,190145719
2023,강원도,태백시,주택용,6191728,6092098,4965770,4978242
2023,강원도,태백시,일반용,11789341,11208633,8800164,8080337
2023,강원도,태백시,교육용,1432629,997353,901113,772465
2023,강원도,태백시,산업용,9000157,8460906,7919427,7332069
2023,강원도,태백시,농사용,621832,589571,513124,542054
2023,강원도,태백시,가로등,301532,287068,264617,263683
2023,강원도,태백시,심 야,4567640,4366001,3173585,2510762
2023,강원도,태백시,합 계,33904859,32001630,26537800,24479612
2023,강원도,속초시,주택용,13010310,12606681,10922597,10946564
2023,강원도,속초시,일반용,30575836,29266635,23505745,22246799
2023,강원도,속초시,교육용,1208564,856697,775278,673474
2023,강원도,속초시,산업용,6225841,5970574,5750593,5895171
2023,강원도,속초시,농사용,410686,386306,321446,320284
2023,강원도,속초시,가로등,574877,544750,487097,479285
2023,강원도,속초시,심 야,5291255,5237849,3829947,2855047
2023,강원도,속초시,합 계,57297369,54869492,45592703,43416624
2023,강원도,삼척시,주택용,9107363,9015901,7525395,7625460
2023,강원도,삼척시,일반용,18450260,17589021,14446666,13808513
2023,강원도,삼척시,교육용,2312281,1692057,1511348,1317459
2023,강원도,삼척시,산업용,87905409,78433404,96589565,92696868
2023,강원도,삼척시,농사용,2336791,2317475,1897464,1985226
2023,강원도,삼척시,가로등,1055902,1035871,983819,1055506
2023,강원도,삼척시,심 야,5415479,5278801,3943228,3008779
2023,강원도,삼척시,합 계,126583485,115362530,126897485,121497811
2023,강원도,홍천군,주택용,10188306,9789539,7745724,7915020
2023,강원도,홍천군,일반용,32204041,29656515,21432916,19640785
2023,강원도,홍천군,교육용,1551898,1253391,1067700,843578
2023,강원도,홍천군,산업용,10745030,10001812,9785842,9940580
2023,강원도,홍천군,농사용,7776386,7667161,6512484,6261533
2023,강원도,홍천군,가로등,1143161,1142058,1132820,1221668
2023,강원도,홍천군,심 야,23681903,22251019,15359803,11127479
2023,강원도,홍천군,합 계,87290725,81761495,63037289,56950643
2023,강원도,횡성군,주택용,7127909,6838324,5442337,5510804
2023,강원도,횡성군,일반용,16380631,14613691,11017508,10039517
2023,강원도,횡성군,교육용,1516244,1184550,1067249,888396
2023,강원도,횡성군,산업용,23724649,22022331,21232642,21252833
2023,강원도,횡성군,농사용,8245808,8202421,7071764,6608144
2023,강원도,횡성군,가로등,728476,673826,683738,729193
2023,강원도,횡성군,심 야,18806074,17587993,12031279,8584912
2023,강원도,횡성군,합 계,76529791,71123136,58546517,53613799
2023,강원도,영월군,주택용,5787730,5495859,4396186,4504989
2023,강원도,영월군,일반용,11115797,10229468,7866311,7127211
2023,강원도,영월군,교육용,1353002,1037767,869166,746713
2023,강원도,영월군,산업용,70164114,62899767,63930090,64851269
2023,강원도,영월군,농사용,2220495,2140084,1905774,1927975
2023,강원도,영월군,가로등,807672,773760,696069,715523
2023,강원도,영월군,심 야,9486153,8876367,6205092,4484942
2023,강원도,영월군,합 계,100934963,91453072,85868688,84358622
2023,강원도,평창군,주택용,7143380,6835001,5361600,5400601
2023,강원도,평창군,일반용,34289873,28542126,20171133,17512656
2023,강원도,평창군,교육용,2155074,1763817,1567356,1385002
2023,강원도,평창군,산업용,8571730,7798720,7425410,6867353
2023,강원도,평창군,농사용,6230212,6321346,5508798,5096850
2023,강원도,평창군,가로등,1101122,1072486,1032637,1067898
2023,강원도,평창군,심 야,21659786,20494263,14175375,10924767
2023,강원도,평창군,합 계,81151177,72827759,55242309,48255127
2023,강원도,정선군,주택용,5457216,5273749,4204791,4380321
2023,강원도,정선군,일반용,25892096,22689737,17338934,14981796
2023,강원도,정선군,교육용,977033,744237,683370,554190
2023,강원도,정선군,산업용,22918338,21960979,23662655,23156890
2023,강원도,정선군,농사용,2070763,2108402,1841628,1849899
2023,강원도,정선군,가로등,833970,785737,764598,743974
2023,강원도,정선군,심 야,10869642,10333055,7253242,5691909
2023,강원도,정선군,합 계,69019058,63895896,55749218,51358979
2023,강원도,철원군,주택용,6037145,5657892,4522131,4419595
2023,강원도,철원군,일반용,20604600,19264883,14103089,12658361
2023,강원도,철원군,교육용,888987,680363,682550,492108
2023,강원도,철원군,산업용,6094263,5684002,5062373,4838345
2023,강원도,철원군,농사용,9342128,8813579,7550402,8637125
2023,강원도,철원군,가로등,411433,371222,353320,325064
2023,강원도,철원군,심 야,16094699,15093559,10511750,7500195
2023,강원도,철원군,합 계,59473255,55565500,42785615,38870793
2023,강원도,화천군,주택용,3381381,3268634,2602745,2633908
2023,강원도,화천군,일반용,15318410,15073227,10965261,9393346
2023,강원도,화천군,교육용,562141,406085,355001,283022
2023,강원도,화천군,산업용,2648243,2640447,2226876,2052904
2023,강원도,화천군,농사용,3134351,2990379,2374971,2346550
2023,강원도,화천군,가로등,374999,357159,334045,334195
2023,강원도,화천군,심 야,6632577,6195885,4273161,3145774
2023,강원도,화천군,합 계,32052102,30931816,23132060,20189699
2023,강원도,양구군,주택용,2959827,2907060,2308859,2309291
2023,강원도,양구군,일반용,10498883,10271485,7555384,6799571
2023,강원도,양구군,교육용,1004033,784259,584417,500035
2023,강원도,양구군,산업용,1860360,1449878,1488428,1647508
2023,강원도,양구군,농사용,2079422,2052461,1846001,1950046
2023,강원도,양구군,가로등,547611,507685,473354,483578
2023,강원도,양구군,심 야,5966891,5694849,4000519,2976706
2023,강원도,양구군,합 계,24917027,23667677,18256962,16666735
2023,강원도,인제군,주택용,4926163,4808963,3701760,3701586
2023,강원도,인제군,일반용,18611565,18244307,13205909,11945200
2023,강원도,인제군,교육용,900479,693262,557942,467189
2023,강원도,인제군,산업용,3641313,3839932,3039614,3076534
2023,강원도,인제군,농사용,2475933,2418126,2065961,2237057
2023,강원도,인제군,가로등,913365,897263,893194,988763
2023,강원도,인제군,심 야,9226417,8872705,6170441,4688574
2023,강원도,인제군,합 계,40695235,39774558,29634821,27104903
2023,강원도,고성군,주택용,4108573,4034335,3299703,3225382
2023,강원도,고성군,일반용,17977527,17221766,13865004,12534430
2023,강원도,고성군,교육용,826134,631615,551045,492218
2023,강원도,고성군,산업용,5346118,4789280,4753580,5046959
2023,강원도,고성군,농사용,2541411,2434456,2084946,1953949
2023,강원도,고성군,가로등,346392,309717,304042,282472
2023,강원도,고성군,심 야,6591258,6531300,4828674,3652494
2023,강원도,고성군,합 계,37737413,35952469,29686994,27187904
2023,강원도,양양군,주택용,4508525,4404221,3630344,3658421
2023,강원도,양양군,일반용,17300820,16336772,13103650,12065738
2023,강원도,양양군,교육용,511058,333122,280900,284548
2023,강원도,양양군,산업용,4117316,3793282,3831000,3983749
2023,강원도,양양군,농사용,2245937,2063256,1520710,1541653
2023,강원도,양양군,가로등,953950,914882,961567,986878
2023,강원도,양양군,심 야,6136231,6014049,4322929,3407639
2023,강원도,양양군,합 계,35773837,33859584,27651100,25928626
2023,충청북도,충주시,주택용,31354112,30331848,25101667,25583912
2023,충청북도,충주시,일반용,59985669,55899431,43885242,40702478
2023,충청북도,충주시,교육용,6110608,4365614,3805444,3132090
2023,충청북도,충주시,산업용,137993237,130481779,130870287,129132766
2023,충청북도,충주시,농사용,13877726,13050762,10182083,9383687
2023,충청북도,충주시,가로등,2824931,2759493,2605605,2696942
2023,충청북도,충주시,심 야,27241812,25089598,17316587,11797014
2023,충청북도,충주시,합 계,279388095,261978525,233766915,222428889
2023,충청북도,제천시,주택용,19116990,18157537,14779656,15056614
2023,충청북도,제천시,일반용,36022029,33164815,25557555,23320626
2023,충청북도,제천시,교육용,3760080,3020674,2962201,2288239
2023,충청북도,제천시,산업용,74438387,71044768,80506996,75909117
2023,충청북도,제천시,농사용,4958633,4668854,3959953,3581378
2023,충청북도,제천시,가로등,1553020,1427510,1408216,1355946
2023,충청북도,제천시,심 야,22463679,20806865,14584810,10102705
2023,충청북도,제천시,합 계,162312818,152291023,143759387,131614625
2023,충청북도,보은군,주택용,4517893,4339435,3417901,3500838
2023,충청북도,보은군,일반용,9439148,9050050,6801285,6102444
2023,충청북도,보은군,교육용,889944,608751,522570,437912
2023,충청북도,보은군,산업용,16013112,15138843,14489636,13735932
2023,충청북도,보은군,농사용,5692227,5567296,4511209,4047582
2023,충청북도,보은군,가로등,617141,606382,609670,639975
2023,충청북도,보은군,심 야,7264759,6832300,4667953,3406078
2023,충청북도,보은군,합 계,44434224,42143057,35020224,31870761
2023,충청북도,옥천군,주택용,6945490,6656844,5355282,5361302
2023,충청북도,옥천군,일반용,13279727,12381778,9644461,8489845
2023,충청북도,옥천군,교육용,1046570,695706,592680,491599
2023,충청북도,옥천군,산업용,32369537,29732714,29368520,28767114
2023,충청북도,옥천군,농사용,6438090,6395276,5319261,4936973
2023,충청북도,옥천군,가로등,750197,695247,707760,679966
2023,충청북도,옥천군,심 야,8033508,7640452,5421553,3824923
2023,충청북도,옥천군,합 계,68863119,64198017,56409517,52551722
2023,충청북도,영동군,주택용,6281969,6141151,4983907,5073422
2023,충청북도,영동군,일반용,10310093,9767897,7661583,6863624
2023,충청북도,영동군,교육용,1384367,1045775,919454,783545
2023,충청북도,영동군,산업용,14190408,13881652,14126503,13263490
2023,충청북도,영동군,농사용,7136221,6429946,5428184,5558004
2023,충청북도,영동군,가로등,719498,662395,691296,659887
2023,충청북도,영동군,심 야,9021298,8626883,6293833,4575635
2023,충청북도,영동군,합 계,49043854,46555699,40104760,36777607
2023,충청북도,진천군,주택용,13580498,13118995,10649741,10823814
2023,충청북도,진천군,일반용,31077525,29373194,24343473,22766035
2023,충청북도,진천군,교육용,2259583,1540608,1330356,1094528
2023,충청북도,진천군,산업용,194159603,186811017,187457992,184046046
2023,충청북도,진천군,농사용,12147414,10933005,8211910,6827693
2023,충청북도,진천군,가로등,818016,773673,716513,724340
2023,충청북도,진천군,심 야,10059213,9339736,6441434,4411928
2023,충청북도,진천군,합 계,264101852,251890228,239151419,230694384
2023,충청북도,괴산군,주택용,5464332,5118672,4021560,4103676
2023,충청북도,괴산군,일반용,13836455,12174871,9150399,8349854
2023,충청북도,괴산군,교육용,2945541,2277820,2081309,1595461
2023,충청북도,괴산군,산업용,22840119,21071958,20550185,20190299
2023,충청북도,괴산군,농사용,8523331,8332791,6990029,6513537
2023,충청북도,괴산군,가로등,1318192,1293346,1301842,1375224
2023,충청북도,괴산군,심 야,9878024,9133053,6163798,4396386
2023,충청북도,괴산군,합 계,64805994,59402511,50259122,46524437
2023,충청북도,음성군,주택용,15107897,14547958,11717221,11788506
2023,충청북도,음성군,일반용,35040835,33391028,26834872,24829655
2023,충청북도,음성군,교육용,3139386,2428073,2022556,1780831
2023,충청북도,음성군,산업용,231745064,219462683,214728591,205801635
2023,충청북도,음성군,농사용,19279036,18336520,14205368,13049622
2023,충청북도,음성군,가로등,1547618,1393697,1332306,1239031
2023,충청북도,음성군,심 야,15480729,14427846,9850623,6853460
2023,충청북도,음성군,합 계,321340565,303987805,280691537,265342740
2023,충청북도,단양군,주택용,4090865,3829378,3004278,3014529
2023,충청북도,단양군,일반용,9824416,9062481,7028796,6350793
2023,충청북도,단양군,교육용,883376,592200,482033,405631
2023,충청북도,단양군,산업용,134402924,123342439,146927863,141569922
2023,충청북도,단양군,농사용,1328737,1343680,1236767,1217362
2023,충청북도,단양군,가로등,857838,758248,795316,757975
2023,충청북도,단양군,심 야,9439416,8846427,6027306,4302448
2023,충청북도,단양군,합 계,160827572,147774853,165502359,157618660
2023,충청북도,청주시,주택용,122095125,119539413,99464484,102984302
2023,충청북도,청주시,일반용,207641467,193289469,154201900,143562870
2023,충청북도,청주시,교육용,23453901,18421156,15357354,13146625
2023,충청북도,청주시,산업용,847350414,776963635,828959490,789995307
2023,충청북도,청주시,농사용,17195448,16348582,14316534,12591754
2023,충청북도,청주시,가로등,5660715,5249386,4776987,4596276
2023,충청북도,청주시,심 야,56445873,51794175,36001406,24044937
2023,충청북도,청주시,합 계,1279842943,1181605816,1153078155,1090922071
2023,충청북도,증평군,주택용,5419934,5256444,4423010,4406987
2023,충청북도,증평군,일반용,10457615,9784390,7714873,6685206
2023,충청북도,증평군,교육용,907352,613211,538844,420060
2023,충청북도,증평군,산업용,30383530,28255302,29997534,27721145
2023,충청북도,증평군,농사용,2092816,2012239,1623838,1448713
2023,충청북도,증평군,가로등,394888,360722,345004,316657
2023,충청북도,증평군,심 야,3258222,3040150,2211235,1505580
2023,충청북도,증평군,합 계,52914357,49322458,46854338,42504348
2023,충청남도,아산시,주택용,50272384,49184015,41171373,42303431
2023,충청남도,아산시,일반용,78467491,73394520,58111685,54304300
2023,충청남도,아산시,교육용,11490979,9234895,8663102,6741115
2023,충청남도,아산시,산업용,950520132,870875337,933660071,887553315
2023,충청남도,아산시,농사용,13155287,12847807,10593853,9859558
2023,충청남도,아산시,가로등,2335699,2206439,1988459,1943241
2023,충청남도,아산시,심 야,22658436,21576691,15373738,10735781
2023,충청남도,아산시,합 계,1128900408,1039319704,1069562281,1013440741
2023,충청남도,보령시,주택용,14055398,14010417,11153143,11594081
2023,충청남도,보령시,일반용,30517161,29160441,23479146,22143852
2023,충청남도,보령시,교육용,2188313,1497148,1338159,1303002
2023,충청남도,보령시,산업용,61451569,51725238,59504428,57234196
2023,충청남도,보령시,농사용,16661250,16531764,13747008,13693509
2023,충청남도,보령시,가로등,1042101,970679,917880,862394
2023,충청남도,보령시,심 야,14749241,14410473,10121825,7757658
2023,충청남도,보령시,합 계,140665033,128306160,120261589,114588692
2023,충청남도,공주시,주택용,14427411,13965468,11350486,11672216
2023,충청남도,공주시,일반용,32740500,30846262,23806468,21597759
2023,충청남도,공주시,교육용,4794081,3641908,2985655,2616971
2023,충청남도,공주시,산업용,41392327,38483438,38429443,38008380
2023,충청남도,공주시,농사용,14915323,14704428,12017691,9925618
2023,충청남도,공주시,가로등,1364564,1339538,1278505,1337622
2023,충청남도,공주시,심 야,13933945,13123702,9204475,6489288
2023,충청남도,공주시,합 계,123568151,116104744,99072723,91647854
2023,충청남도,서산시,주택용,26744189,26002121,22010923,22395409
2023,충청남도,서산시,일반용,47095102,45065551,38200993,35202519
2023,충청남도,서산시,교육용,3282089,2162175,2037949,1990474
2023,충청남도,서산시,산업용,779559227,668969605,736637776,710566191
2023,충청남도,서산시,농사용,11791765,11352761,9740958,9060978
2023,충청남도,서산시,가로등,1190541,1106757,1016559,971779
2023,충청남도,서산시,심 야,15969853,15318394,11167448,8463864
2023,충청남도,서산시,합 계,885632766,769977364,820812606,788651214
2023,충청남도,천안시,주택용,94529855,92997715,78331346,81076720
2023,충청남도,천안시,일반용,166917117,155341472,126936059,117339643
2023,충청남도,천안시,교육용,20465107,15056054,13662447,11179535
2023,충청남도,천안시,산업용,460726158,430917318,437323692,423537924
2023,충청남도,천안시,농사용,22214638,22406732,17747806,16339021
2023,충청남도,천안시,가로등,2735350,2541568,2317471,2283209
2023,충청남도,천안시,심 야,27115649,25308815,17171882,11829172
2023,충청남도,천안시,합 계,794703874,744569674,693490703,663585224
2023,충청남도,금산군,주택용,6953603,6624139,5320437,5331407
2023,충청남도,금산군,일반용,13231707,12443667,9750111,8914845
2023,충청남도,금산군,교육용,1785244,1219117,1189856,1048590
2023,충청남도,금산군,산업용,56553251,56176407,55924131,54040568
2023,충청남도,금산군,농사용,10248099,9726892,7828327,6263225
2023,충청남도,금산군,가로등,466388,453531,442479,454861
2023,충청남도,금산군,심 야,7209769,6745546,4712220,3198766
2023,충청남도,금산군,합 계,96448061,93389299,85167561,79252262
2023,충청남도,계룡시,주택용,6451832,6237933,5330330,5501424
2023,충청남도,계룡시,일반용,13908634,12496723,10816600,9880946
2023,충청남도,계룡시,교육용,550382,440867,385986,302087
2023,충청남도,계룡시,산업용,5077598,4730786,4419365,4421216
2023,충청남도,계룡시,농사용,404697,355875,287070,266663
2023,충청남도,계룡시,가로등,297644,280929,238906,232716
2023,충청남도,계룡시,심 야,637775,587348,359493,272514
2023,충청남도,계룡시,합 계,27328562,25130461,21837750,20877566
2023,충청남도,논산시,주택용,15605577,15273073,12519764,12722642
2023,충청남도,논산시,일반용,30908965,29609552,23416169,21544491
2023,충청남도,논산시,교육용,4579722,3382719,2936540,2704263
2023,충청남도,논산시,산업용,53083018,51317724,50139948,49409505
2023,충청남도,논산시,농사용,33235016,32412930,26635465,18806774
2023,충청남도,논산시,가로등,1002693,907225,853086,788618
2023,충청남도,논산시,심 야,13573268,13075123,9124856,6415546
2023,충청남도,논산시,합 계,151988259,145978346,125625828,112391839
2023,충청남도,부여군,주택용,8417615,8246845,6683228,6848695
2023,충청남도,부여군,일반용,13051455,12376439,9886091,9060064
2023,충청남도,부여군,교육용,2174066,1469601,1258407,1056240
2023,충청남도,부여군,산업용,12360197,11594687,12246491,13297434
2023,충청남도,부여군,농사용,30999746,30622831,22492070,17446960
2023,충청남도,부여군,가로등,657815,616222,598972,587137
2023,충청남도,부여군,심 야,9202913,8880367,6199962,4480736
2023,충청남도,부여군,합 계,76863807,73806992,59365221,52777266
2023,충청남도,서천군,주택용,7048180,6824189,5485659,5674132
2023,충청남도,서천군,일반용,12996233,12347155,9893802,9314265
2023,충청남도,서천군,교육용,1023769,553738,582258,610812
2023,충청남도,서천군,산업용,55506104,48818843,55047220,52248178
2023,충청남도,서천군,농사용,26583610,29422950,30836144,20460980
2023,충청남도,서천군,가로등,928124,862403,834153,810365
2023,충청남도,서천군,심 야,8512089,8387829,6025379,4659756
2023,충청남도,서천군,합 계,112598109,107217107,108704615,93778488
2023,충청남도,청양군,주택용,3967529,3850321,3041911,3087136
2023,충청남도,청양군,일반용,7329599,7092339,5392388,4741824
2023,충청남도,청양군,교육용,986787,701080,594070,543933
2023,충청남도,청양군,산업용,12213324,11449678,11255065,10812094
2023,충청남도,청양군,농사용,8638426,8450914,6876262,5691682
2023,충청남도,청양군,가로등,765821,690564,681731,661242
2023,충청남도,청양군,심 야,4589940,4408310,3079110,2275570
2023,충청남도,청양군,합 계,38491426,36643206,30920537,27813481
2023,충청남도,홍성군,주택용,14850985,14494703,12121939,12349010
2023,충청남도,홍성군,일반용,24562042,23315275,18589437,17212702
2023,충청남도,홍성군,교육용,3228850,2440888,2209765,2063888
2023,충청남도,홍성군,산업용,26579935,26025398,27144671,27359117
2023,충청남도,홍성군,농사용,24544872,23967716,19918552,17598907
2023,충청남도,홍성군,가로등,914063,861401,794388,773573
2023,충청남도,홍성군,심 야,10543416,10070922,7068819,5185040
2023,충청남도,홍성군,합 계,105224163,101176303,87847571,82542237
2023,충청남도,예산군,주택용,11576161,10795628,9814770,9516536
2023,충청남도,예산군,일반용,22305416,21190561,16501297,15120227
2023,충청남도,예산군,교육용,2221614,1451814,1395000,1194605
2023,충청남도,예산군,산업용,69781572,66839060,69679663,66587154
2023,충청남도,예산군,농사용,15667545,15303499,12634762,11226568
2023,충청남도,예산군,가로등,877548,815362,771254,755691
2023,충청남도,예산군,심 야,11177519,10659603,7418048,5322716
2023,충청남도,예산군,합 계,133607375,127055527,118214794,109723497
2023,충청남도,당진시,주택용,26755626,25354332,21675780,22027415
2023,충청남도,당진시,일반용,41665983,38933391,31312978,29323313
2023,충청남도,당진시,교육용,3399180,2316515,2335126,1969415
2023,충청남도,당진시,산업용,650544121,357890619,519990875,474872697
2023,충청남도,당진시,농사용,17818304,17478394,14575437,15021840
2023,충청남도,당진시,가로등,1488420,1396272,1247201,1207541
2023,충청남도,당진시,심 야,17465274,16808687,11855894,8943750
2023,충청남도,당진시,합 계,759136908,460178210,602993291,553365971
2023,충청남도,태안군,주택용,8195058,7947742,6392779,6541572
2023,충청남도,태안군,일반용,23409829,22361156,18656835,18173561
2023,충청남도,태안군,교육용,1342213,955108,851790,888731
2023,충청남도,태안군,산업용,35171942,34819465,34535265,19259954
2023,충청남도,태안군,농사용,10984797,10736986,10314012,9928006
2023,충청남도,태안군,가로등,923528,822242,791323,715648
2023,충청남도,태안군,심 야,11378174,11087260,7859518,6396041
2023,충청남도,태안군,합 계,91405541,88729959,79401522,61903513
2023,전라북도,군산시,주택용,37239475,36724084,31020236,32226763
2023,전라북도,군산시,일반용,66641867,64473951,52937719,49550513
2023,전라북도,군산시,교육용,5129873,4371720,4282641,3671685
2023,전라북도,군산시,산업용,397293720,367176090,395574635,397839069
2023,전라북도,군산시,농사용,6309319,6039395,5031363,5441394
2023,전라북도,군산시,가로등,2351951,2248456,2009909,1943345
2023,전라북도,군산시,심 야,13321350,12998630,9246125,6877476
2023,전라북도,군산시,합 계,528287555,494032326,500102628,497550245
2023,전라북도,익산시,주택용,37111326,36084727,30344118,31384005
2023,전라북도,익산시,일반용,56996911,54525274,43608336,40674793
2023,전라북도,익산시,교육용,8897818,7335468,6468696,5777823
2023,전라북도,익산시,산업용,157653024,141799717,145354002,141423319
2023,전라북도,익산시,농사용,19465403,19495709,15677132,13722853
2023,전라북도,익산시,가로등,1597365,1475782,1341922,1288636
2023,전라북도,익산시,심 야,21517967,20589276,14427075,10240123
2023,전라북도,익산시,합 계,303239814,281305953,257221281,244511552
2023,전라북도,정읍시,주택용,14356676,13984073,11490308,11827938
2023,전라북도,정읍시,일반용,22718906,21841438,17279906,16415192
2023,전라북도,정읍시,교육용,2356369,1714878,1551076,1457839
2023,전라북도,정읍시,산업용,91258346,81445800,86136314,82995840
2023,전라북도,정읍시,농사용,25589480,24797638,19816407,17731421
2023,전라북도,정읍시,가로등,1651126,1514211,1480992,1184002
2023,전라북도,정읍시,심 야,10470304,10144353,7200634,5280033
2023,전라북도,정읍시,합 계,168401207,155442391,144955637,136892265
2023,전라북도,남원시,주택용,10576962,10167620,8437935,8658843
2023,전라북도,남원시,일반용,18843227,17989624,14292119,13410864
2023,전라북도,남원시,교육용,1326975,1152938,1222207,911994
2023,전라북도,남원시,산업용,16892789,15887093,16284759,15979865
2023,전라북도,남원시,농사용,13597817,13695655,11465033,10998969
2023,전라북도,남원시,가로등,1257688,1212227,1202010,1224108
2023,전라북도,남원시,심 야,5164527,4982003,3544990,2594472
2023,전라북도,남원시,합 계,67659985,65087160,56449053,53779115
2023,전라북도,김제시,주택용,10351667,9761420,8171165,8231129
2023,전라북도,김제시,일반용,18815607,18072737,14919332,14129973
2023,전라북도,김제시,교육용,1898994,1433323,1296860,1271376
2023,전라북도,김제시,산업용,47661197,44537278,45765978,44097276
2023,전라북도,김제시,농사용,28217229,27305847,21334324,19128099
2023,전라북도,김제시,가로등,850627,763166,719074,673771
2023,전라북도,김제시,심 야,10508613,10184846,7243897,5318918
2023,전라북도,김제시,합 계,118303934,112058617,99450630,92850542
2023,전라북도,완주군,주택용,12791058,12465511,10462017,10715599
2023,전라북도,완주군,일반용,27194328,25589253,21061235,19568495
2023,전라북도,완주군,교육용,3137323,2253379,2126645,1975098
2023,전라북도,완주군,산업용,91047397,91713585,96919033,93336916
2023,전라북도,완주군,농사용,15019347,14224154,12418826,9856537
2023,전라북도,완주군,가로등,1888653,1806879,1760904,1743262
2023,전라북도,완주군,심 야,11589580,11171135,8047766,5835782
2023,전라북도,완주군,합 계,162667686,159223896,152796426,143031689
2023,전라북도,진안군,주택용,3017557,2928833,2392129,2453936
2023,전라북도,진안군,일반용,5865038,5448004,4341582,3935733
2023,전라북도,진안군,교육용,636131,463685,415201,405170
2023,전라북도,진안군,산업용,3402884,3250158,2964964,3101260
2023,전라북도,진안군,농사용,7406811,6833947,5690409,4943329
2023,전라북도,진안군,가로등,775581,730842,733439,749736
2023,전라북도,진안군,심 야,3428731,3331512,2373003,1750465
2023,전라북도,진안군,합 계,24532733,22986981,18910727,17339629
2023,전라북도,무주군,주택용,3224913,3155233,2545929,2590856
2023,전라북도,무주군,일반용,13995686,10648941,7331617,5871532
2023,전라북도,무주군,교육용,593210,430638,397967,360738
2023,전라북도,무주군,산업용,2989540,2742332,2583851,2643468
2023,전라북도,무주군,농사용,2826180,2707338,2380132,2374725
2023,전라북도,무주군,가로등,811241,765700,746681,743321
2023,전라북도,무주군,심 야,3876494,3791962,2779445,1840394
2023,전라북도,무주군,합 계,28317264,24242144,18765622,16425034
2023,전라북도,장수군,주택용,2638598,2584230,2061942,2127523
2023,전라북도,장수군,일반용,4813315,4602628,3712658,3323081
2023,전라북도,장수군,교육용,558450,400025,391273,364899
2023,전라북도,장수군,산업용,3716773,3560321,3105651,3230319
2023,전라북도,장수군,농사용,11505182,10916946,7814613,6306164
2023,전라북도,장수군,가로등,639795,601647,634033,590232
2023,전라북도,장수군,심 야,3829675,3750781,2719507,1977682
2023,전라북도,장수군,합 계,27701788,26416578,20439677,17919900
2023,전라북도,임실군,주택용,3165365,3049250,2447415,2488578
2023,전라북도,임실군,일반용,6968926,6480956,5202925,4786793
2023,전라북도,임실군,교육용,485600,363663,352540,299001
2023,전라북도,임실군,산업용,9138289,8699287,8793101,8288396
2023,전라북도,임실군,농사용,9005795,8683067,6553252,5595222
2023,전라북도,임실군,가로등,640658,604791,608919,615625
2023,전라북도,임실군,심 야,3001740,2935366,2127169,1519246
2023,전라북도,임실군,합 계,32406373,30816380,26085321,23592861
2023,전라북도,순창군,주택용,3334719,3257601,2687385,2804137
2023,전라북도,순창군,일반용,5600787,5394444,4189951,3890127
2023,전라북도,순창군,교육용,470987,416663,432087,350286
2023,전라북도,순창군,산업용,7276785,7484092,7210458,6928616
2023,전라북도,순창군,농사용,5859745,5914980,4940375,5087329
2023,전라북도,순창군,가로등,382513,341230,336607,300127
2023,전라북도,순창군,심 야,2650455,2631263,1867077,1378566
2023,전라북도,순창군,합 계,25575991,25440273,21663940,20739188
2023,전라북도,고창군,주택용,7008554,6850287,5577760,5758284
2023,전라북도,고창군,일반용,12238610,11735908,9735345,9174797
2023,전라북도,고창군,교육용,1261707,885400,829939,828864
2023,전라북도,고창군,산업용,9176297,8805548,9097499,8990325
2023,전라북도,고창군,농사용,29078640,29514883,24736381,24206091
2023,전라북도,고창군,가로등,1093814,978487,962074,881150
2023,전라북도,고창군,심 야,6022469,5938206,4329099,3288154
2023,전라북도,고창군,합 계,65880091,64708719,55268097,53127665
2023,전라북도,부안군,주택용,6465969,6161149,5013368,5122033
2023,전라북도,부안군,일반용,15454243,14575649,11709807,11088816
2023,전라북도,부안군,교육용,1194673,931475,812175,812514
2023,전라북도,부안군,산업용,10308379,9422253,9729534,9903482
2023,전라북도,부안군,농사용,10327880,10811170,9563602,9418198
2023,전라북도,부안군,가로등,902408,789648,773518,717920
2023,전라북도,부안군,심 야,5193300,5108390,3696970,2863540
2023,전라북도,부안군,합 계,49846852,47799734,41298974,39926503
2023,전라북도,전주시,주택용,92487194,90802157,77702907,80679216
2023,전라북도,전주시,일반용,142116338,134932061,108184781,101829371
2023,전라북도,전주시,교육용,18100310,14376881,13327453,11554128
2023,전라북도,전주시,산업용,151799843,141552903,151427443,144335738
2023,전라북도,전주시,농사용,5608752,5238551,4272070,3210596
2023,전라북도,전주시,가로등,3906750,3656208,3275134,3166340
2023,전라북도,전주시,심 야,11051908,10489217,7435342,5136949
2023,전라북도,전주시,합 계,425071095,401047978,365625130,349912338
2023,전라남도,목포시,주택용,31581161,31200208,26452719,27582776
2023,전라남도,목포시,일반용,51030903,49905439,41366494,39254829
2023,전라남도,목포시,교육용,4432622,3189155,3060365,3167670
2023,전라남도,목포시,산업용,12956502,13153279,12844913,11951164
2023,전라남도,목포시,농사용,2009070,2515088,3805777,2297814
2023,전라남도,목포시,가로등,1425908,1348206,1200295,1209517
2023,전라남도,목포시,심 야,2019332,1986266,1486635,1067083
2023,전라남도,목포시,합 계,105455498,103297641,90217198,86530853
2023,전라남도,여수시,주택용,37830818,37074210,31427366,32684700
2023,전라남도,여수시,일반용,67577143,65571343,53692793,52161830
2023,전라남도,여수시,교육용,4406521,3468562,3331838,3091012
2023,전라남도,여수시,산업용,1204026187,1098110076,1162853490,1079584055
2023,전라남도,여수시,농사용,8716176,8180530,7046388,6017898
2023,전라남도,여수시,가로등,2668529,2519230,2313569,2284410
2023,전라남도,여수시,심 야,6839864,6708783,4761273,3570247
2023,전라남도,여수시,합 계,1332065238,1221632734,1265426717,1179394152
2023,전라남도,순천시,주택용,38219763,37689178,31918696,33354616
2023,전라남도,순천시,일반용,55862031,53603941,43152762,42728224
2023,전라남도,순천시,교육용,5921409,4293781,3935221,3992931
2023,전라남도,순천시,산업용,93865861,88453657,94458435,80140309
2023,전라남도,순천시,농사용,7399680,6982139,5843060,5709289
2023,전라남도,순천시,가로등,2304414,2238569,2104037,2207093
2023,전라남도,순천시,심 야,5182268,5020954,3596016,2697400
2023,전라남도,순천시,합 계,208755426,198282219,185008227,170829862
2023,전라남도,나주시,주택용,16430661,16269231,14154590,14476709
2023,전라남도,나주시,일반용,31528123,29743822,25445737,24151932
2023,전라남도,나주시,교육용,3398652,2441043,2240339,2222997
2023,전라남도,나주시,산업용,43309844,40164649,41374723,40612119
2023,전라남도,나주시,농사용,31341214,30499080,23660779,20830967
2023,전라남도,나주시,가로등,2321918,2107502,1991126,1879110
2023,전라남도,나주시,심 야,3823396,3722421,2647601,1975770
2023,전라남도,나주시,합 계,132153808,124947748,111514895,106149604
2023,전라남도,광양시,주택용,19961495,19340680,16846172,17319117
2023,전라남도,광양시,일반용,29865642,28417723,23230668,22652707
2023,전라남도,광양시,교육용,2176480,1466554,1486229,1471411
2023,전라남도,광양시,산업용,379025251,295557416,331001127,315526746
2023,전라남도,광양시,농사용,7441155,6286314,4156237,3388771
2023,전라남도,광양시,가로등,1408497,1434729,1231464,1233866
2023,전라남도,광양시,심 야,3246939,3181208,2254541,1650157
2023,전라남도,광양시,합 계,443125459,355684624,380206438,363242775
2023,전라남도,담양군,주택용,5468883,5279109,4158340,4238843
2023,전라남도,담양군,일반용,12598391,12244111,9774706,9272682
2023,전라남도,담양군,교육용,1165092,799471,715811,670877
2023,전라남도,담양군,산업용,17977617,17661460,15970947,17185490
2023,전라남도,담양군,농사용,14491002,13938164,9700349,7446218
2023,전라남도,담양군,가로등,689715,644614,612386,608333
2023,전라남도,담양군,심 야,3877560,3739732,2618412,1938099
2023,전라남도,담양군,합 계,56268260,54306661,43550951,41360542
2023,전라남도,곡성군,주택용,3480966,3341635,2694261,2742759
2023,전라남도,곡성군,일반용,5777950,5470067,4332132,4095952
2023,전라남도,곡성군,교육용,1126738,827084,710913,682596
2023,전라남도,곡성군,산업용,17568487,18185951,19243479,18440246
2023,전라남도,곡성군,농사용,8632311,8435045,6940249,6447013
2023,전라남도,곡성군,가로등,698201,615827,605531,549185
2023,전라남도,곡성군,심 야,2566371,2487281,1743271,1270851
2023,전라남도,곡성군,합 계,39851024,39362890,36269836,34228602
2023,전라남도,구례군,주택용,3342652,3208519,2577097,2639901
2023,전라남도,구례군,일반용,6984984,6661147,5522462,5219267
2023,전라남도,구례군,교육용,580838,398464,301650,301277
2023,전라남도,구례군,산업용,2263014,2173482,2235945,2435491
2023,전라남도,구례군,농사용,3438111,3123251,2502499,2442107
2023,전라남도,구례군,가로등,708917,650557,675335,656510
2023,전라남도,구례군,심 야,1865268,1778427,1288455,1013310
2023,전라남도,구례군,합 계,19183784,17993847,15103443,14707863
2023,전라남도,고흥군,주택용,8627497,8467548,6928428,7182469
2023,전라남도,고흥군,일반용,11828270,11521752,9491910,9151192
2023,전라남도,고흥군,교육용,1155288,789850,707556,740761
2023,전라남도,고흥군,산업용,7625806,6483821,6428709,7223983
2023,전라남도,고흥군,농사용,31921680,32716513,29619325,23677920
2023,전라남도,고흥군,가로등,663709,617107,588889,574041
2023,전라남도,고흥군,심 야,2545518,2524212,1845217,1453547
2023,전라남도,고흥군,합 계,64367768,63120803,55610034,50003913
2023,전라남도,보성군,주택용,5137314,5055821,4120559,4298414
2023,전라남도,보성군,일반용,9139005,8139881,6994024,6700610
2023,전라남도,보성군,교육용,998418,611500,577909,630648
2023,전라남도,보성군,산업용,5185764,4636305,4315548,4649639
2023,전라남도,보성군,농사용,8305186,8135164,6256029,5655427
2023,전라남도,보성군,가로등,946085,922215,876888,916652
2023,전라남도,보성군,심 야,2680541,2587915,1845885,1468046
2023,전라남도,보성군,합 계,32392313,30088801,24986842,24319436
2023,전라남도,화순군,주택용,8085037,7753435,6452775,6686514
2023,전라남도,화순군,일반용,16180377,15462337,12900800,12393366
2023,전라남도,화순군,교육용,1630086,1165983,1076956,957504
2023,전라남도,화순군,산업용,11065859,10941468,10473520,10477786
2023,전라남도,화순군,농사용,18921767,17341283,12519490,9556472
2023,전라남도,화순군,가로등,771737,740093,698295,710707
2023,전라남도,화순군,심 야,2438920,2400725,1711645,1283436
2023,전라남도,화순군,합 계,59093783,55805324,45833481,42065785
2023,전라남도,장흥군,주택용,4663896,4621026,3791130,3931725
2023,전라남도,장흥군,일반용,8010753,7739375,6335149,6079996
2023,전라남도,장흥군,교육용,668445,402436,403115,426520
2023,전라남도,장흥군,산업용,6187322,5634140,5584327,5896709
2023,전라남도,장흥군,농사용,14000430,14693451,14852451,14039435
2023,전라남도,장흥군,가로등,898527,853880,817807,813512
2023,전라남도,장흥군,심 야,1910231,1886989,1360990,1048660
2023,전라남도,장흥군,합 계,36339604,35831297,33144969,32236557
2023,전라남도,강진군,주택용,4342149,4282363,3488446,3603568
2023,전라남도,강진군,일반용,7676277,7361619,6277311,5717095
2023,전라남도,강진군,교육용,868101,562921,578567,615827
2023,전라남도,강진군,산업용,6447722,6345766,6532192,6465219
2023,전라남도,강진군,농사용,19563775,19916222,16889755,15700572
2023,전라남도,강진군,가로등,437197,421251,417560,425593
2023,전라남도,강진군,심 야,1978107,1946914,1433724,1148076
2023,전라남도,강진군,합 계,41313328,40837056,35617555,33675950
2023,전라남도,해남군,주택용,8812527,8708263,7033305,7187475
2023,전라남도,해남군,일반용,14813366,14418494,11772054,11265914
2023,전라남도,해남군,교육용,1092368,695895,706551,788797
2023,전라남도,해남군,산업용,8358735,7622738,7298657,8024567
2023,전라남도,해남군,농사용,38823022,42249532,44336443,39459523
2023,전라남도,해남군,가로등,589652,541926,507745,481095
2023,전라남도,해남군,심 야,3038855,3038429,2226175,1739001
2023,전라남도,해남군,합 계,75528525,77275277,73880930,68946372
2023,전라남도,영암군,주택용,7588579,7430856,6289017,6424085
2023,전라남도,영암군,일반용,13258269,12867193,10850822,10363235
2023,전라남도,영암군,교육용,1554708,1248978,1119688,1092781
2023,전라남도,영암군,산업용,69830840,65660830,64677610,62035848
2023,전라남도,영암군,농사용,16535035,16459014,12956112,13035973
2023,전라남도,영암군,가로등,783191,754684,705452,664052
2023,전라남도,영암군,심 야,3694783,3645368,2623090,1979206
2023,전라남도,영암군,합 계,113245405,108066923,99221791,95595180
2023,전라남도,무안군,주택용,12751287,12220170,10586113,10794242
2023,전라남도,무안군,일반용,21246801,20707860,16823890,16237497
2023,전라남도,무안군,교육용,2911141,2332502,2480021,2036528
2023,전라남도,무안군,산업용,9733206,8865954,8680936,8690438
2023,전라남도,무안군,농사용,17670043,18337391,15858615,15357382
2023,전라남도,무안군,가로등,1327097,1236238,1171190,1140205
2023,전라남도,무안군,심 야,2743807,2743887,2174768,1638640
2023,전라남도,무안군,합 계,68383382,66444002,57775533,55894932
2023,전라남도,함평군,주택용,3645780,3634526,2931997,3056325
2023,전라남도,함평군,일반용,6264516,6082726,4940780,4728313
2023,전라남도,함평군,교육용,917107,668817,681410,627586
2023,전라남도,함평군,산업용,9181447,9387507,8752217,8786137
2023,전라남도,함평군,농사용,18603023,18343747,15818434,14894399
2023,전라남도,함평군,가로등,663828,599672,595991,573335
2023,전라남도,함평군,심 야,2247476,2192206,1609379,1263149
2023,전라남도,함평군,합 계,41523177,40909201,35330208,33929244
2023,전라남도,영광군,주택용,6793647,6723079,5476182,5676769
2023,전라남도,영광군,일반용,11793343,11360837,9258305,8587118
2023,전라남도,영광군,교육용,1166689,736223,726416,775536
2023,전라남도,영광군,산업용,45283369,47010476,23840106,22264515
2023,전라남도,영광군,농사용,18802180,18843211,16039742,15467795
2023,전라남도,영광군,가로등,640197,586573,574398,542901
2023,전라남도,영광군,심 야,4805635,4763115,3424511,2686208
2023,전라남도,영광군,합 계,89285060,90023514,59339660,56000842
2023,전라남도,장성군,주택용,5247991,5107850,4162510,4240239
2023,전라남도,장성군,일반용,11841351,11256552,9286566,8822132
2023,전라남도,장성군,교육용,929349,551479,560613,573911
2023,전라남도,장성군,산업용,28823482,27942071,30266006,29775113
2023,전라남도,장성군,농사용,10564480,10348380,8404907,7581656
2023,전라남도,장성군,가로등,781904,761372,768279,786771
2023,전라남도,장성군,심 야,3022635,3005797,2147851,1587471
2023,전라남도,장성군,합 계,61211192,58973501,55596732,53367293
2023,전라남도,완도군,주택용,6256161,6186288,5049538,5209131
2023,전라남도,완도군,일반용,10872930,10707673,8762794,8513139
2023,전라남도,완도군,교육용,842769,558878,554657,618680
2023,전라남도,완도군,산업용,3774374,3668757,3453722,4096095
2023,전라남도,완도군,농사용,58227649,67608002,74608086,83741054
2023,전라남도,완도군,가로등,352028,316026,287299,274463
2023,전라남도,완도군,심 야,4262487,4288815,3098503,2444973
2023,전라남도,완도군,합 계,84588398,93334439,95814599,104897535
2023,전라남도,진도군,주택용,4107767,4169408,3375052,3433926
2023,전라남도,진도군,일반용,6943152,6788932,5667264,5520111
2023,전라남도,진도군,교육용,458787,329354,313958,353606
2023,전라남도,진도군,산업용,1836053,1713168,1561858,1707876
2023,전라남도,진도군,농사용,15340580,16558561,18411887,19309391
2023,전라남도,진도군,가로등,662342,585064,580498,527550
2023,전라남도,진도군,심 야,2157029,2196985,1645974,1337956
2023,전라남도,진도군,합 계,31505710,32341472,31556491,32190416
2023,전라남도,신안군,주택용,3918796,3914940,3206108,3270153
2023,전라남도,신안군,일반용,8694201,8468004,7197044,7133566
2023,전라남도,신안군,교육용,591388,389528,394214,495483
2023,전라남도,신안군,산업용,2763274,2710640,2489281,2562081
2023,전라남도,신안군,농사용,8744505,10903976,10901698,11666312
2023,전라남도,신안군,가로등,440344,401087,372384,334970
2023,전라남도,신안군,심 야,3593377,3690371,2847099,2340549
2023,전라남도,신안군,합 계,28745885,30478546,27407828,27803114
2023,경상북도,경주시,주택용,37011538,35881307,30727347,31037754
2023,경상북도,경주시,일반용,74274058,70738461,57603972,55358972
2023,경상북도,경주시,교육용,5576722,4415635,4167450,3504792
2023,경상북도,경주시,산업용,256385276,238463935,224287856,220889820
2023,경상북도,경주시,농사용,17651469,16828468,12615110,10857485
2023,경상북도,경주시,가로등,2898906,2738484,2614267,2653118
2023,경상북도,경주시,심 야,15643571,15210457,10697733,7913654
2023,경상북도,경주시,합 계,409441540,384276747,342713735,332215595
2023,경상북도,김천시,주택용,18957173,18626294,15337764,15754904
2023,경상북도,김천시,일반용,32221190,30112514,24212156,22968491
2023,경상북도,김천시,교육용,3482735,2766728,2244900,2074228
2023,경상북도,김천시,산업용,138597578,129409648,131634989,126833971
2023,경상북도,김천시,농사용,16916000,17272138,14868195,14795655
2023,경상북도,김천시,가로등,1899934,1792213,1677057,1660746
2023,경상북도,김천시,심 야,11888182,11408859,7635969,5406175
2023,경상북도,김천시,합 계,223962792,211388394,197611030,189494170
2023,경상북도,안동시,주택용,22327061,21596761,17975516,18321367
2023,경상북도,안동시,일반용,43568838,40719178,31624520,29349724
2023,경상북도,안동시,교육용,5900063,4791264,3870837,3374358
2023,경상북도,안동시,산업용,25498361,24860239,24393141,22775962
2023,경상북도,안동시,농사용,14793113,13939149,11710791,10312512
2023,경상북도,안동시,가로등,1347152,1317543,1253593,1309205
2023,경상북도,안동시,심 야,11666553,11026115,7691490,5442918
2023,경상북도,안동시,합 계,125101141,118250249,98519888,90886046
2023,경상북도,구미시,주택용,54877236,53858301,45613871,46606286
2023,경상북도,구미시,일반용,79187666,74642356,58855980,55219016
2023,경상북도,구미시,교육용,8775735,6739987,5932037,5052222
2023,경상북도,구미시,산업용,623465035,563765251,638920790,609570957
2023,경상북도,구미시,농사용,10428258,10476445,8378473,7362924
2023,경상북도,구미시,가로등,2260983,2128792,1898295,1808936
2023,경상북도,구미시,심 야,8663274,8457505,5705224,3809046
2023,경상북도,구미시,합 계,787658187,720068637,765304670,729429387
2023,경상북도,영주시,주택용,14273215,13494216,11431674,11507057
2023,경상북도,영주시,일반용,24006040,22144972,17027852,15822245
2023,경상북도,영주시,교육용,3108765,2215302,2088838,1804125
2023,경상북도,영주시,산업용,104586234,90153277,90560794,91422142
2023,경상북도,영주시,농사용,10948268,10445974,8682648,8439991
2023,경상북도,영주시,가로등,1003181,928569,894188,851533
2023,경상북도,영주시,심 야,8879325,8530251,6175980,4320389
2023,경상북도,영주시,합 계,166805028,147912561,136861974,134167482
2023,경상북도,영천시,주택용,13116705,12985876,10587160,10860151
2023,경상북도,영천시,일반용,21912399,21087248,16424844,15552403
2023,경상북도,영천시,교육용,2697174,2239498,1868250,1591710
2023,경상북도,영천시,산업용,87358633,84876409,82697880,81615756
2023,경상북도,영천시,농사용,16645506,16017718,13706039,13768842
2023,경상북도,영천시,가로등,1275655,1214530,1153824,1157440
2023,경상북도,영천시,심 야,6628452,6440818,4348721,3169266
2023,경상북도,영천시,합 계,149634524,144862097,130786718,127715568
2023,경상북도,상주시,주택용,12999187,12697427,10306554,10581875
2023,경상북도,상주시,일반용,20624910,19407519,14874565,13803342
2023,경상북도,상주시,교육용,3387847,2765281,2250206,1979080
2023,경상북도,상주시,산업용,13575104,13155057,13114035,12772062
2023,경상북도,상주시,농사용,24216344,21676370,16633682,15385366
2023,경상북도,상주시,가로등,1686060,1619660,1603873,1610678
2023,경상북도,상주시,심 야,10265990,9933422,6649839,4878230
2023,경상북도,상주시,합 계,86755442,81254736,65432754,61010633
2023,경상북도,문경시,주택용,9406404,9209455,7460826,7492121
2023,경상북도,문경시,일반용,18815281,17562319,13664241,12292348
2023,경상북도,문경시,교육용,1888500,1464769,1127206,1020598
2023,경상북도,문경시,산업용,19098302,17976315,17416602,16074676
2023,경상북도,문경시,농사용,7713836,7544106,5739836,5574544
2023,경상북도,문경시,가로등,1259785,1155143,1169297,1108866
2023,경상북도,문경시,심 야,7669199,7401394,5123692,3756393
2023,경상북도,문경시,합 계,65851307,62313501,51701700,47319546
2023,경상북도,경산시,주택용,38070952,37807718,31902150,33014970
2023,경상북도,경산시,일반용,51269627,48659273,39443768,37813177
2023,경상북도,경산시,교육용,11610727,9555283,9226313,7585471
2023,경상북도,경산시,산업용,140704903,136780789,133812566,130582128
2023,경상북도,경산시,농사용,7724055,7820175,6185093,5612657
2023,경상북도,경산시,가로등,2117342,1945357,1806295,1750521
2023,경상북도,경산시,심 야,9524855,9098678,6460578,4359992
2023,경상북도,경산시,합 계,261022461,251667273,228836763,220718916
2023,경상북도,군위군,주택용,2762104,2682772,2154455,2180751
2023,경상북도,군위군,일반용,6721057,6391308,5184222,4890385
2023,경상북도,군위군,교육용,460769,364222,260583,246390
2023,경상북도,군위군,산업용,12459257,12285735,12159911,12110021
2023,경상북도,군위군,농사용,7156916,6883078,5400981,4965543
2023,경상북도,군위군,가로등,538141,470655,371961,332186
2023,경상북도,군위군,심 야,2392974,2311246,1591115,1158926
2023,경상북도,군위군,합 계,32491218,31389016,27123228,25884202
2023,경상북도,의성군,주택용,6524923,6380021,5136672,5238257
2023,경상북도,의성군,일반용,9926600,9544489,7358469,6614892
2023,경상북도,의성군,교육용,1079010,676048,579800,555831
2023,경상북도,의성군,산업용,7924639,7372327,6801647,6960641
2023,경상북도,의성군,농사용,11678707,11567203,9997786,11543994
2023,경상북도,의성군,가로등,1158251,1117839,1136056,1182858
2023,경상북도,의성군,심 야,6116404,5913907,3979700,2854940
2023,경상북도,의성군,합 계,44408534,42571834,34990130,34951413
2023,경상북도,청송군,주택용,3337288,3258572,2646008,2764366
2023,경상북도,청송군,일반용,7624795,7179572,5433904,4930060
2023,경상북도,청송군,교육용,566299,428380,354464,310762
2023,경상북도,청송군,산업용,1754910,1774377,1572239,1675224
2023,경상북도,청송군,농사용,4330341,4219583,3843586,4225766
2023,경상북도,청송군,가로등,819123,685181,676656,684852
2023,경상북도,청송군,심 야,4084506,3997400,2868624,2236986
2023,경상북도,청송군,합 계,22517262,21543065,17395481,16828016
2023,경상북도,영양군,주택용,2116730,2033020,1640995,1687084
2023,경상북도,영양군,일반용,3820326,3663314,2739705,2506450
2023,경상북도,영양군,교육용,404031,259196,222503,201515
2023,경상북도,영양군,산업용,994678,1095273,905953,942681
2023,경상북도,영양군,농사용,1499996,1807477,1761910,1357973
2023,경상북도,영양군,가로등,190192,173261,167503,159288
2023,경상북도,영양군,심 야,3304285,3170759,2198716,1725302
2023,경상북도,영양군,합 계,12330238,12202300,9637285,8580293
2023,경상북도,영덕군,주택용,4613632,4467591,3580742,3644201
2023,경상북도,영덕군,일반용,13981480,13470472,10324762,9777141
2023,경상북도,영덕군,교육용,503986,392636,322326,341542
2023,경상북도,영덕군,산업용,4462499,4338061,3913837,4256631
2023,경상북도,영덕군,농사용,3240688,3032326,2640155,2943166
2023,경상북도,영덕군,가로등,671559,671642,679137,751443
2023,경상북도,영덕군,심 야,3259537,3130172,2075662,1568568
2023,경상북도,영덕군,합 계,30733381,29502900,23536621,23282692
2023,경상북도,청도군,주택용,5409874,5299117,4249883,4243482
2023,경상북도,청도군,일반용,11008731,10560762,8317170,7769471
2023,경상북도,청도군,교육용,800181,610961,518477,496452
2023,경상북도,청도군,산업용,8034915,7928770,7148687,6953407
2023,경상북도,청도군,농사용,21227860,18764785,15664229,15270074
2023,경상북도,청도군,가로등,866313,785531,761537,727113
2023,경상북도,청도군,심 야,4192513,4009780,2782980,1950869
2023,경상북도,청도군,합 계,51540387,47959706,39442963,37410868
2023,경상북도,고령군,주택용,3810441,3701950,2995734,2992628
2023,경상북도,고령군,일반용,7605632,7250454,5980796,5659701
2023,경상북도,고령군,교육용,433775,405983,344943,273066
2023,경상북도,고령군,산업용,91174314,91828464,94809943,91626169
2023,경상북도,고령군,농사용,9203807,8893767,6831069,5824178
2023,경상북도,고령군,가로등,627265,630477,614175,653366
2023,경상북도,고령군,심 야,3293950,3180513,2147074,1466431
2023,경상북도,고령군,합 계,116149184,115891608,113723734,108495539
2023,경상북도,성주군,주택용,5009232,4950210,3935895,3945844
2023,경상북도,성주군,일반용,11119892,10592146,7950973,7361903
2023,경상북도,성주군,교육용,545584,447601,372694,349219
2023,경상북도,성주군,산업용,72248855,70462954,66693620,68016316
2023,경상북도,성주군,농사용,10556992,10223951,8389258,8022155
2023,경상북도,성주군,가로등,662507,613380,590579,580197
2023,경상북도,성주군,심 야,4736616,4623818,3087972,2074449
2023,경상북도,성주군,합 계,104879678,101914060,91020991,90350083
2023,경상북도,칠곡군,주택용,15453951,15048231,12396336,12493426
2023,경상북도,칠곡군,일반용,33640102,32072216,25510529,24389498
2023,경상북도,칠곡군,교육용,1867602,1747947,1721924,1381182
2023,경상북도,칠곡군,산업용,124405405,117221029,107069532,105985831
2023,경상북도,칠곡군,농사용,7285146,7061661,5591399,4984780
2023,경상북도,칠곡군,가로등,1810465,1654783,1558319,1520205
2023,경상북도,칠곡군,심 야,6494581,6210611,4141636,2678514
2023,경상북도,칠곡군,합 계,190957252,181016478,157989675,153433436
2023,경상북도,예천군,주택용,8310133,7819103,6746793,6822621
2023,경상북도,예천군,일반용,11800965,11138753,8596916,8031001
2023,경상북도,예천군,교육용,1283696,963796,779724,703713
2023,경상북도,예천군,산업용,4253842,4000002,3602378,4046418
2023,경상북도,예천군,농사용,7944572,7846330,6254862,5568549
2023,경상북도,예천군,가로등,641819,584624,545015,503763
2023,경상북도,예천군,심 야,7353723,7040931,4725089,3501648
2023,경상북도,예천군,합 계,41588750,39393539,31250777,29177713
2023,경상북도,봉화군,주택용,3847383,3696664,3004781,3115580
2023,경상북도,봉화군,일반용,6728129,6247292,4815283,4354806
2023,경상북도,봉화군,교육용,694724,422280,379381,374455
2023,경상북도,봉화군,산업용,295221469,140691441,149677787,146275147
2023,경상북도,봉화군,농사용,7340897,7510820,6298421,5755306
2023,경상북도,봉화군,가로등,441020,453013,439741,466602
2023,경상북도,봉화군,심 야,5232785,5012568,3450662,2683544
2023,경상북도,봉화군,합 계,319506407,164034078,168066056,163025440
2023,경상북도,울진군,주택용,7796038,7656564,6351673,6438517
2023,경상북도,울진군,일반용,16505113,15722279,12664988,11970210
2023,경상북도,울진군,교육용,1152474,866815,736179,728975
2023,경상북도,울진군,산업용,30623384,50136881,29675180,29310755
2023,경상북도,울진군,농사용,2882649,2779806,2540965,2838162
2023,경상북도,울진군,가로등,716028,671491,646422,642272
2023,경상북도,울진군,심 야,4578196,4468496,3275163,2498951
2023,경상북도,울진군,합 계,64253882,82302332,55890570,54427842
2023,경상북도,울릉군,주택용,912946,830231,782970,825396
2023,경상북도,울릉군,일반용,3981936,3675043,3411845,3893400
2023,경상북도,울릉군,교육용,177767,121333,120378,124840
2023,경상북도,울릉군,산업용,691207,648406,577118,669822
2023,경상북도,울릉군,농사용,473536,446782,438984,529213
2023,경상북도,울릉군,가로등,191663,177424,172018,174322
2023,경상북도,울릉군,심 야,1791,1843,1280,1212
2023,경상북도,울릉군,합 계,6430846,5901062,5504593,6218205
2023,경상북도,포항시,주택용,67088421,65268283,56536146,58134243
2023,경상북도,포항시,일반용,111422108,107011514,84823245,81997736
2023,경상북도,포항시,교육용,20231069,17297090,19959291,18817021
2023,경상북도,포항시,산업용,686792887,653181545,777885931,707535580
2023,경상북도,포항시,농사용,11481253,11460625,9664909,9642196
2023,경상북도,포항시,가로등,3170350,2956223,2694919,2628762
2023,경상북도,포항시,심 야,8655992,8371192,5786829,4249808
2023,경상북도,포항시,합 계,908842080,865546472,957351270,883005346
2023,경상남도,진주시,주택용,49219754,47583234,41185214,42026393
2023,경상남도,진주시,일반용,74114446,70473686,58262354,55712592
2023,경상남도,진주시,교육용,9920384,8145883,7442882,6650048
2023,경상남도,진주시,산업용,80558751,76967562,72191062,73309523
2023,경상남도,진주시,농사용,75055188,69409864,45653623,29307870
2023,경상남도,진주시,가로등,2529275,2379106,2229386,2208917
2023,경상남도,진주시,심 야,12175665,11701929,8011713,5742964
2023,경상남도,진주시,합 계,303573463,286661264,234976234,214958307
2023,경상남도,창원시,주택용,139891199,134721120,117004049,119003638
2023,경상남도,창원시,일반용,208277968,199580204,163686772,159195301
2023,경상남도,창원시,교육용,14881446,12209730,11253717,10239882
2023,경상남도,창원시,산업용,525910615,526685901,555888529,521435066
2023,경상남도,창원시,농사용,30328395,27922833,20744500,14591709
2023,경상남도,창원시,가로등,7163934,6736369,6221885,6193463
2023,경상남도,창원시,심 야,33148598,31808257,21207492,14482317
2023,경상남도,창원시,합 계,959602155,939664414,896006944,845141376
2023,경상남도,통영시,주택용,17180638,17055491,14209075,14670771
2023,경상남도,통영시,일반용,33910985,32477325,26045635,24192541
2023,경상남도,통영시,교육용,1565986,1265364,1106370,1105019
2023,경상남도,통영시,산업용,32037306,29934117,30555151,29405377
2023,경상남도,통영시,농사용,12041459,10115347,8023270,6847099
2023,경상남도,통영시,가로등,829804,774706,751796,733103
2023,경상남도,통영시,심 야,3350834,3284832,2279085,1686675
2023,경상남도,통영시,합 계,100917012,94907182,82970382,78640585
2023,경상남도,사천시,주택용,14815198,14528196,12079530,12426911
2023,경상남도,사천시,일반용,26364145,25490575,20694029,19799755
2023,경상남도,사천시,교육용,1372618,1140963,1172213,1113794
2023,경상남도,사천시,산업용,75667098,73459757,76220659,72635932
2023,경상남도,사천시,농사용,8428611,8032145,5741669,4415881
2023,경상남도,사천시,가로등,1064760,998711,941592,939267
2023,경상남도,사천시,심 야,4344240,4276156,2925442,2129462
2023,경상남도,사천시,합 계,132056670,127926503,119775134,113461002
2023,경상남도,김해시,주택용,71851342,69082777,60862669,61682589
2023,경상남도,김해시,일반용,103331724,98342334,80279986,78325167
2023,경상남도,김해시,교육용,6320954,5110150,4757008,4431311
2023,경상남도,김해시,산업용,295915878,289274646,275102794,273579901
2023,경상남도,김해시,농사용,25997936,24331058,16638782,13338170
2023,경상남도,김해시,가로등,4790271,4541191,4227851,4205715
2023,경상남도,김해시,심 야,9412572,9042801,5972356,4006267
2023,경상남도,김해시,합 계,517620677,499724957,447841446,439569120
2023,경상남도,밀양시,주택용,14642426,14337186,11625677,11781539
2023,경상남도,밀양시,일반용,24115734,22487773,18287433,17456986
2023,경상남도,밀양시,교육용,2130593,1652173,1525303,1363315
2023,경상남도,밀양시,산업용,52039637,51267435,51499287,49199671
2023,경상남도,밀양시,농사용,56565446,52186039,35008851,23107424
2023,경상남도,밀양시,가로등,1371389,1308264,1251074,1290826
2023,경상남도,밀양시,심 야,6110963,5987176,4052556,2812224
2023,경상남도,밀양시,합 계,156976188,149226046,123250181,107011985
2023,경상남도,거제시,주택용,33507934,33053003,28104872,28885773
2023,경상남도,거제시,일반용,46112772,44264887,36383897,35838129
2023,경상남도,거제시,교육용,2648274,2053983,1854609,1973183
2023,경상남도,거제시,산업용,86143542,81878426,83746631,81410527
2023,경상남도,거제시,농사용,7280625,6722590,5771214,6102210
2023,경상남도,거제시,가로등,1357012,1266790,1158565,1153026
2023,경상남도,거제시,심 야,6189361,5999331,4133697,3170824
2023,경상남도,거제시,합 계,183239520,175239010,161153485,158533672
2023,경상남도,의령군,주택용,3402891,3360592,2708534,2747481
2023,경상남도,의령군,일반용,6364163,6015889,4720025,4336671
2023,경상남도,의령군,교육용,520704,411355,356846,325158
2023,경상남도,의령군,산업용,16247473,15674257,16849515,15393562
2023,경상남도,의령군,농사용,12513052,11710690,8374393,5970459
2023,경상남도,의령군,가로등,252309,238603,232011,234236
2023,경상남도,의령군,심 야,2094085,2053525,1457181,1082385
2023,경상남도,의령군,합 계,41394677,39464911,34698505,30089952
2023,경상남도,함안군,주택용,8422612,8236203,6679153,6743636
2023,경상남도,함안군,일반용,14345676,13695365,10930502,10411737
2023,경상남도,함안군,교육용,952434,706662,599875,589863
2023,경상남도,함안군,산업용,208729904,217320018,226128266,220627618
2023,경상남도,함안군,농사용,19814497,18398793,12238514,9258216
2023,경상남도,함안군,가로등,927392,864113,835813,826041
2023,경상남도,함안군,심 야,4549590,4377190,2930515,2014959
2023,경상남도,함안군,합 계,257742105,263598344,260342638,250472070
2023,경상남도,창녕군,주택용,7983350,7794609,6424043,6382473
2023,경상남도,창녕군,일반용,14890814,14258053,11701019,10727752
2023,경상남도,창녕군,교육용,803439,763321,680362,572123
2023,경상남도,창녕군,산업용,47912370,46744899,46335027,45344083
2023,경상남도,창녕군,농사용,36369019,34242825,24495158,17926310
2023,경상남도,창녕군,가로등,687631,608782,581418,537241
2023,경상남도,창녕군,심 야,3006049,2888386,1918267,1302339
2023,경상남도,창녕군,합 계,111652672,107300875,92135294,82792321
2023,경상남도,양산시,주택용,49091039,47465440,42319754,43185261
2023,경상남도,양산시,일반용,68679833,65165862,54756001,54071293
2023,경상남도,양산시,교육용,4367652,3602191,3386364,3069770
2023,경상남도,양산시,산업용,209152244,205821265,206416402,198895899
2023,경상남도,양산시,농사용,5527274,5436407,4308359,3798586
2023,경상남도,양산시,가로등,2468474,2385006,2230197,2086576
2023,경상남도,양산시,심 야,4706552,4607510,3172995,2399202
2023,경상남도,양산시,합 계,343993068,334483681,316590072,307506587
2023,경상남도,고성군,주택용,6782773,6665457,5412633,5525936
2023,경상남도,고성군,일반용,11361887,10917075,8648334,8428236
2023,경상남도,고성군,교육용,866877,606819,594254,623182
2023,경상남도,고성군,산업용,33892593,27909972,29968794,41998941
2023,경상남도,고성군,농사용,21879260,20012819,14652002,12519952
2023,경상남도,고성군,가로등,689459,671775,632480,661667
2023,경상남도,고성군,심 야,3338536,3206002,2270045,1764477
2023,경상남도,고성군,합 계,78811385,69989919,62178542,71522391
2023,경상남도,남해군,주택용,5310720,5201172,4058149,4124177
2023,경상남도,남해군,일반용,11948830,11442860,9095665,8783861
2023,경상남도,남해군,교육용,951811,678557,693989,720021
2023,경상남도,남해군,산업용,1790409,1702815,1549339,1594105
2023,경상남도,남해군,농사용,5043843,4620157,4028910,4123250
2023,경상남도,남해군,가로등,271657,253676,231292,227040
2023,경상남도,남해군,심 야,2687166,2669253,1845759,1420889
2023,경상남도,남해군,합 계,28004436,26568490,21503103,20993343
2023,경상남도,하동군,주택용,5322436,5183420,4176639,4286582
2023,경상남도,하동군,일반용,9153838,8929865,7203104,7132827
2023,경상남도,하동군,교육용,664161,462462,413007,423426
2023,경상남도,하동군,산업용,11345590,11986131,13976679,18466575
2023,경상남도,하동군,농사용,15314124,14210266,10086824,7644668
2023,경상남도,하동군,가로등,380644,375205,346962,364718
2023,경상남도,하동군,심 야,3150213,3034800,2142594,1770621
2023,경상남도,하동군,합 계,45331006,44182149,38345809,40089417
2023,경상남도,산청군,주택용,4195942,4132721,3355289,3429184
2023,경상남도,산청군,일반용,8060786,7691682,6160123,5866252
2023,경상남도,산청군,교육용,718031,513752,393354,415210
2023,경상남도,산청군,산업용,7815854,7501867,7458393,7666096
2023,경상남도,산청군,농사용,16625929,15073614,10896861,8351430
2023,경상남도,산청군,가로등,496948,479954,466790,482347
2023,경상남도,산청군,심 야,3103193,3028201,2202354,1742336
2023,경상남도,산청군,합 계,41016683,38421791,30933164,27952855
2023,경상남도,함양군,주택용,4985463,4912474,4015449,4150073
2023,경상남도,함양군,일반용,8315767,8152382,6462669,6039086
2023,경상남도,함양군,교육용,679539,510542,440317,439351
2023,경상남도,함양군,산업용,5207165,28896345,4624823,4553835
2023,경상남도,함양군,농사용,7431292,7087049,5774926,5411052
2023,경상남도,함양군,가로등,509745,511259,504235,543095
2023,경상남도,함양군,심 야,2939400,2908082,2039997,1553761
2023,경상남도,함양군,합 계,30068371,52978133,23862416,22690253
2023,경상남도,거창군,주택용,8056547,7949952,6471503,6674119
2023,경상남도,거창군,일반용,13856627,13290062,10411674,9694064
2023,경상남도,거창군,교육용,1606330,1180030,1041633,993138
2023,경상남도,거창군,산업용,10492099,10717835,10099027,9971961
2023,경상남도,거창군,농사용,10575684,10336196,8350204,7503718
2023,경상남도,거창군,가로등,551306,526517,492368,504995
2023,경상남도,거창군,심 야,3783114,3678933,2577750,1942782
2023,경상남도,거창군,합 계,48921707,47679525,39444159,37284777
2023,경상남도,합천군,주택용,5417521,5367858,4352871,4415404
2023,경상남도,합천군,일반용,11521504,11187971,8875991,8049750
2023,경상남도,합천군,교육용,672435,533865,433437,392627
2023,경상남도,합천군,산업용,6809550,6246243,5961297,6033675
2023,경상남도,합천군,농사용,16826052,16586200,12624767,10092340
2023,경상남도,합천군,가로등,661768,671482,661714,723657
2023,경상남도,합천군,심 야,4096541,3946853,2825868,2148069
2023,경상남도,합천군,합 계,46005371,44540472,35735945,31855522
2023,제주특별자치도,제주시,주택용,68311473,66653823,56117803,56039082
2023,제주특별자치도,제주시,일반용,148065167,143150780,123365734,121962005
2023,제주특별자치도,제주시,교육용,9111194,7046024,6815216,6715334
2023,제주특별자치도,제주시,산업용,41449844,40204054,40555031,40571664
2023,제주특별자치도,제주시,농사용,46365256,46957097,41844344,43790319
2023,제주특별자치도,제주시,가로등,2695279,2462294,2297222,2167880
2023,제주특별자치도,제주시,심 야,9559660,9414378,7114932,5612791
2023,제주특별자치도,제주시,합 계,325557873,315888450,278110282,276859075
2023,제주특별자치도,서귀포시,주택용,25462682,25034364,20841410,21075010
2023,제주특별자치도,서귀포시,일반용,74875723,71169132,61582346,61603684
2023,제주특별자치도,서귀포시,교육용,4964246,4272380,3855319,3545098
2023,제주특별자치도,서귀포시,산업용,16430798,15838043,14715343,16031552
2023,제주특별자치도,서귀포시,농사용,115461546,131172863,108939456,105102992
2023,제주특별자치도,서귀포시,가로등,1891594,1710113,1599765,1499191
2023,제주특별자치도,서귀포시,심 야,3731514,3645553,2721019,2449842
2023,제주특별자치도,서귀포시,합 계,242818103,252842448,214254658,211307369
2023,세종특별자치시,세종시,주택용,57774414,57136221,48252007,49915929
2023,세종특별자치시,세종시,일반용,87157745,79339437,68608271,63302403
2023,세종특별자치시,세종시,교육용,11481033,8299199,7345155,7036403
2023,세종특별자치시,세종시,산업용,171781806,162510140,169957652,166052437
2023,세종특별자치시,세종시,농사용,9107122,8804685,7204538,6343243
2023,세종특별자치시,세종시,가로등,3609372,3423521,3114626,3108297
2023,세종특별자치시,세종시,심 야,12171933,11508842,8070399,5605594
2023,세종특별자치시,세종시,합 계,353083425,331022045,312552648,301364306
